"timestamp","wd_vec_mean","ws_vec_mean","ws_sca_mean"
"2019-03-01 10:00:00",180,0,0
"2019-03-01 10:00:00",233.560231030628,0.353808541547746,0.38
"2019-03-01 11:00:00",238.842126223573,0.102198428266892,0.108125
"2019-03-01 12:00:00",270.634609287335,0.622917435315053,0.68645833
"2019-03-01 13:00:00",293.527274017031,0.344934618267063,0.5175
"2019-03-01 14:00:00",316.571978406325,0.0440060502987533,0.494375
"2019-03-01 15:00:00",132.823063838335,0.380613475928153,0.605208331666667
"2019-03-01 16:00:00",155.848627658778,0.304076578020953,1.12645833333333
"2019-03-01 17:00:00",181.165654643228,2.37121398221425,2.52958333333333
"2019-03-01 18:00:00",172.45408305876,0.990796507604924,1.239166665
"2019-03-01 19:00:00",342.52328834687,0.380875695125567,0.456458333333333
"2019-03-01 20:00:00",332.252819614322,0.183612289510249,0.210416666666667
"2019-03-01 21:00:00",36.091101433187,0.180342310474625,0.235416666666667
"2019-03-01 22:00:00",37.7185582399916,0.264488038513737,0.288541665
"2019-03-01 23:00:00",57.1799261882065,0.782064719659309,0.851041666666667
"2019-03-02 00:00:00",76.9989519487238,1.05004440385236,1.07458333333333
"2019-03-02 01:00:00",66.0145122061171,0.661127733058277,0.68625
"2019-03-02 02:00:00",69.4956064350878,0.789024946834412,0.845416666666667
"2019-03-02 03:00:00",70.3182088196554,0.856289887439589,0.88270833
"2019-03-02 04:00:00",66.5361346392616,0.997344309714307,1.03083333166667
"2019-03-02 05:00:00",56.8037681842825,1.15944155912193,1.22729166666667
"2019-03-02 06:00:00",52.2847324417305,1.02575669400343,1.09312499833333
"2019-03-02 07:00:00",36.9230966381613,1.69511058221415,1.73749999833333
"2019-03-02 08:00:00",46.2720803142719,0.886499305109709,0.926458333333333
"2019-03-02 09:00:00",67.8804989804958,1.61161884910516,1.66645833333333
"2019-03-02 10:00:00",47.2769526233371,1.69611547772799,1.81416666666667
"2019-03-02 11:00:00",36.9180385122421,1.6654085761759,1.73791666666667
"2019-03-02 12:00:00",69.2540938682108,1.15282959011591,1.28770833333333
"2019-03-02 13:00:00",320.294736634615,0.55019709088863,0.777916666666667
"2019-03-02 14:00:00",13.8811059707478,0.783058916688063,0.977291666666667
"2019-03-02 15:00:00",49.4793616419025,1.25243874734155,1.51687499666667
"2019-03-02 16:00:00",19.4060320613386,1.5343822193562,1.91729166666667
"2019-03-02 17:00:00",48.606851400421,1.40630670343693,1.58354166666667
"2019-03-02 18:00:00",219.992548235661,1.47448845705783,1.65958333333333
"2019-03-02 19:00:00",181.72017611921,1.48359484600994,1.57229166666667
"2019-03-02 20:00:00",191.072402274521,0.829986627829491,0.92
"2019-03-02 21:00:00",320.018262073784,0.759351524561264,0.939194913559322
"2019-03-02 22:00:00",157.456995178714,0.538411278933932,0.596249998333333
"2019-03-02 23:00:00",170.606974610966,0.257238040774876,0.296666665
"2019-03-03 00:00:00",328.505550502551,0.0828434593850398,0.086875
"2019-03-03 01:00:00",303.920951957761,0.118111639767482,0.123541666666667
"2019-03-03 02:00:00",201.887572003821,0.0948734704232469,0.10875
"2019-03-03 03:00:00",259.877156787238,0.170641580658903,0.173958333333333
"2019-03-03 04:00:00",93.9035175779076,0.217132871260339,0.280416666666667
"2019-03-03 05:00:00",230.978548512898,0.0984868928863294,0.120624998333333
"2019-03-03 06:00:00",61.1129264327087,0.480621532810785,0.56375
"2019-03-03 07:00:00",256.835210256688,0.818880806968118,0.838124998333333
"2019-03-03 08:00:00",240.599024235561,0.11534865723761,0.223125
"2019-03-03 09:00:00",59.6985595232686,0.124856211187129,0.128541665
"2019-03-03 10:00:00",31.0328696452268,0.742745431060674,0.792708331666667
"2019-03-03 11:00:00",34.6901453556821,0.900352640363412,1.04062499833333
"2019-03-03 12:00:00",59.5845274094589,1.20211508952632,1.34145833333333
"2019-03-03 13:00:00",33.8190559244227,0.488844059246777,0.743958328333333
"2019-03-03 14:00:00",47.1894076208115,0.31810066886833,0.568958333333333
"2019-03-03 15:00:00",264.885883731624,0.412362851549133,0.705416666666667
"2019-03-03 16:00:00",68.8542734989234,0.646823312467388,0.823541666666667
"2019-03-03 17:00:00",74.6129087523715,0.253232532510362,0.31895833
"2019-03-03 18:00:00",259.581113645897,1.37378147806889,1.47604166666667
"2019-03-03 19:00:00",293.581430006938,0.832579307101957,0.929583333333333
"2019-03-03 20:00:00",244.659525988424,0.556902842368459,0.671874998333333
"2019-03-03 21:00:00",131.369349462632,1.47117996125993,2.02541665
"2019-03-03 22:00:00",31.3121228982906,1.83320691204715,1.97208333333333
"2019-03-03 23:00:00",82.7666363322369,1.05945748929776,1.456875
"2019-03-04 00:00:00",72.5841643637671,0.709066879998906,0.917291666666667
"2019-03-04 01:00:00",67.2046340674212,2.31706568228775,2.39479166666667
"2019-03-04 02:00:00",62.5895514675918,1.97613222626275,2.02208333333333
"2019-03-04 03:00:00",51.9611803291491,2.474622680016,2.54083333333333
"2019-03-04 04:00:00",46.4436560865391,3.03227274482346,3.15458333333333
"2019-03-04 05:00:00",57.3683422331811,2.84539308994094,2.930625
"2019-03-04 06:00:00",61.5546425716468,1.72079806436167,2.20895833333333
"2019-03-04 07:00:00",46.6660904035905,3.4128105628671,3.57958331666667
"2019-03-04 08:00:00",67.2058233164515,1.83514122450993,2.08125
"2019-03-04 09:00:00",63.4806376557079,1.52401350344675,1.7575
"2019-03-04 10:00:00",88.8449497574297,1.65938162157622,1.728125
"2019-03-04 11:00:00",76.9646244379462,1.30343041593877,1.36979166666667
"2019-03-04 12:00:00",31.2852015125878,1.075744968236,1.56625
"2019-03-04 13:00:00",22.1504383701016,1.06317233670168,1.23125
"2019-03-04 14:00:00",331.115974020873,0.566845017546938,0.981041666666667
"2019-03-04 15:00:00",23.2589112803234,1.40950656996362,1.525625
"2019-03-04 16:00:00",43.8641921006414,1.62226150334036,1.73770833333333
"2019-03-04 17:00:00",53.7806179255522,2.28049476428418,2.40291666666667
"2019-03-04 18:00:00",56.2255668597112,1.63115999942366,1.865
"2019-03-04 19:00:00",64.5018073993134,2.16998072114064,2.27895833333333
"2019-03-04 20:00:00",23.5466399927192,1.40312850980272,1.47041666666667
"2019-03-04 21:00:00",26.3596418302774,0.331099963542578,0.375
"2019-03-04 22:00:00",138.551232918393,0.261075098288606,0.319583331666667
"2019-03-04 23:00:00",105.568317547139,0.13099420197221,0.144166666666667
"2019-03-05 00:00:00",196.018671377057,0.104718490932258,0.105208333333333
"2019-03-05 01:00:00",95.6890691909445,0.497506693257176,0.590833333333333
"2019-03-05 02:00:00",77.9407152611963,0.214373852589242,0.223333333333333
"2019-03-05 03:00:00",71.2112602525218,0.0726733165083739,0.0729166666666667
"2019-03-05 04:00:00",128.635326300121,0.0853789694536665,0.0870833333333333
"2019-03-05 05:00:00",78.1932194205397,0.31177052190355,0.32125
"2019-03-05 06:00:00",80.5057185086294,0.451165328036884,0.482916666666667
"2019-03-05 07:00:00",66.4089474553627,0.23133556984858,0.3325
"2019-03-05 08:00:00",242.780569016021,0.473268183962931,0.487083333333333
"2019-03-05 09:00:00",101.943395554048,0.104192081378579,0.108333333333333
"2019-03-05 10:00:00",43.8154372368079,0.196529312836226,0.306874998333333
"2019-03-05 11:00:00",50.475658037019,0.446497259742022,0.642708333333333
"2019-03-05 12:00:00",359.600868999092,0.902895763511763,1.27166666666667
"2019-03-05 13:00:00",44.5467132521283,0.649535216231351,1.00875
"2019-03-05 14:00:00",241.432375386859,0.511299011782818,1.25729166666667
"2019-03-05 15:00:00",329.853555014782,1.41141065958774,1.66520833333333
"2019-03-05 16:00:00",344.926159255243,1.13575853201197,1.24395833166667
"2019-03-05 17:00:00",294.945278409806,1.96998170369907,2.08437499833333
"2019-03-05 18:00:00",328.958616913304,0.768356632035776,1.00333333333333
"2019-03-05 19:00:00",41.7666419557528,1.71185058030816,2.06083333333333
"2019-03-05 20:00:00",64.43746778839,2.74703015104061,2.93875
"2019-03-05 21:00:00",69.215493952522,1.7264518763541,1.79395833333333
"2019-03-05 22:00:00",78.1444144982743,0.583973690603881,0.609374998333333
"2019-03-05 23:00:00",237.686391520656,0.0444871728823973,0.150833333333333
"2019-03-06 00:00:00",182.127507359287,0.00539053706085989,0.0310416666666667
"2019-03-06 01:00:00",29.3658043276779,0.0568853909469972,0.0583333333333333
"2019-03-06 02:00:00",141.177951565117,0.156356213744998,0.161875
"2019-03-06 03:00:00",144.175129625116,0.0922071550709699,0.396458331666667
"2019-03-06 04:00:00",141.070790805501,0.0351561181993873,0.041875
"2019-03-06 05:00:00",234.299849071785,0.0529839270165697,0.0533333333333333
"2019-03-06 06:00:00",88.6474867754076,0.073809591938804,0.085
"2019-03-06 07:00:00",180,0,0
"2019-03-06 08:00:00",180,0,0
"2019-03-06 09:00:00",24.1644963344571,0.0214249584577449,0.148541666666667
"2019-03-06 10:00:00",262.897042777897,0.482101170652216,0.559375
"2019-03-06 11:00:00",338.197247578071,0.311319054480107,0.478333333333333
"2019-03-06 12:00:00",13.4107765294109,0.64409913231572,0.95708333
"2019-03-06 13:00:00",58.2973257266052,1.15500335482209,1.48541666666667
"2019-03-06 14:00:00",62.616036694827,0.361268678846966,1.0978813559322
"2019-03-06 15:00:00",349.575084533118,0.659095672359582,1.413125
"2019-03-06 16:00:00",72.29575197059,0.835970091096716,1.22208333333333
"2019-03-06 17:00:00",290.020211761259,1.06340823729276,1.48249999833333
"2019-03-06 18:00:00",330.11712623316,1.1875124449666,1.34749999833333
"2019-03-06 19:00:00",63.5273664739341,1.35381913646262,1.574166665
"2019-03-06 20:00:00",289.139406134969,0.824197204293704,0.9125
"2019-03-06 21:00:00",158.89332779827,1.76461017755928,1.97187499833333
"2019-03-06 22:00:00",136.641454681369,0.974963475582739,1.380625
"2019-03-06 23:00:00",294.109070038487,0.0662025328341226,0.107291666666667
"2019-03-07 00:00:00",223.689072872908,0.133914123066568,0.167499998333333
"2019-03-07 01:00:00",192.443593899356,0.182553379412235,0.222291666666667
"2019-03-07 02:00:00",147.193447493599,0.143671759700369,0.283749998333333
"2019-03-07 03:00:00",78.739075147125,0.11408159083678,0.14625
"2019-03-07 04:00:00",97.8463333265852,0.361323104493406,0.587083333333333
"2019-03-07 05:00:00",69.4621785946425,0.792830132291432,0.83270833
"2019-03-07 06:00:00",75.2200139579843,0.491284671808764,0.510833333333333
"2019-03-07 07:00:00",99.743307568177,0.162667018511328,0.169166666666667
"2019-03-07 08:00:00",82.163511808972,0.620663736466595,0.72125
"2019-03-07 09:00:00",77.4645365081543,0.56889855016883,0.578958333333333
"2019-03-07 10:00:00",53.6665311302898,1.2455167635715,1.40583333333333
"2019-03-07 11:00:00",45.1987096939846,2.59493783826947,2.7375
"2019-03-07 12:00:00",43.3972888657463,3.28734989846891,3.47291666666667
"2019-03-07 13:00:00",48.7556624476402,2.95004236048358,3.06958333333333
"2019-03-07 14:00:00",55.0001873715067,2.87590902919065,3.073125
"2019-03-07 15:00:00",43.8357311495457,2.6514187159281,2.89229166666667
"2019-03-07 16:00:00",45.902940441297,1.86751062985648,2.09833333333333
"2019-03-07 17:00:00",282.066387915596,1.74952771214471,2.81770831666667
"2019-03-07 18:00:00",254.255689338485,4.19597074280088,4.31541663333333
"2019-03-07 19:00:00",235.481057096338,2.12925736529266,2.264375
"2019-03-07 20:00:00",253.213206944566,1.31937401770117,1.40645833333333
"2019-03-07 21:00:00",276.666341441561,0.289484873838906,0.598958333333333
"2019-03-07 22:00:00",292.642585105281,0.275903919604114,0.337083333333333
"2019-03-07 23:00:00",68.0846293242366,0.157735115729543,0.221041666666667
"2019-03-08 00:00:00",82.9119719519692,0.66192213420857,0.687291666666667
"2019-03-08 01:00:00",113.31469537049,0.26835131578207,0.42375
"2019-03-08 02:00:00",82.7808503740102,0.192262286467907,0.280833333333333
"2019-03-08 03:00:00",63.6934372666293,0.371322917775669,0.406041666666667
"2019-03-08 04:00:00",242.194791508238,0.142932056898669,0.154791666666667
"2019-03-08 05:00:00",227.601373270597,0.0497900685798221,0.0685416666666667
"2019-03-08 06:00:00",74.4636630258386,0.378619349402648,0.382083333333333
"2019-03-08 07:00:00",77.1061154399309,0.375437605773966,0.387083333333333
"2019-03-08 08:00:00",227.595807736348,0.0947767654426632,0.102083333333333
"2019-03-08 09:00:00",273.649748902763,0.0955448052742958,0.149166666666667
"2019-03-08 10:00:00",257.51529306791,1.0267110300761,1.11666666666667
"2019-03-08 11:00:00",310.544864910096,0.313380831458379,0.604166666666667
"2019-03-08 12:00:00",37.2590229115034,0.419782239337183,0.786458331666667
"2019-03-08 13:00:00",13.252140725546,0.904349349374453,1.11812499833333
"2019-03-08 14:00:00",344.906616802674,0.499080446501582,1.08583333166667
"2019-03-08 15:00:00",276.523905119815,0.351803475860702,0.9425
"2019-03-08 16:00:00",266.581235906957,2.58641923786366,3.03979165
"2019-03-08 17:00:00",296.8959720249,1.53783458911937,1.896875
"2019-03-08 18:00:00",289.199534918173,0.616245207412082,0.790833333333333
"2019-03-08 19:00:00",305.6876880442,0.750590079039267,0.958749998333333
"2019-03-08 20:00:00",303.2139677853,1.58027168209184,1.740625
"2019-03-08 21:00:00",239.322780918633,0.750644938553485,0.94125
"2019-03-08 22:00:00",330.323898917132,0.119657930950573,0.23125
"2019-03-08 23:00:00",57.6827129800115,1.01648800165247,1.140625
"2019-03-09 00:00:00",34.756103027563,1.2231768406209,1.32770833333333
"2019-03-09 01:00:00",41.3198846616556,1.0270390130051,1.123125
"2019-03-09 02:00:00",99.724084520403,0.452008064796766,0.584375
"2019-03-09 03:00:00",143.552865010834,0.561141847664716,0.622083333333333
"2019-03-09 04:00:00",234.118357019784,0.135212090361144,0.15
"2019-03-09 05:00:00",326.266436903226,0.0127962052125435,0.0133333333333333
"2019-03-09 06:00:00",69.2539413537416,0.0785960672158423,0.081666665
"2019-03-09 07:00:00",130.91686215628,0.127109414097657,0.234583333333333
"2019-03-09 08:00:00",231.2370621544,0.0208655059692513,0.0264583333333333
"2019-03-09 09:00:00",245.836561004707,0.169549047870058,0.18375
"2019-03-09 10:00:00",315.155719001934,0.0507623395648634,0.152083333333333
"2019-03-09 11:00:00",322.983768568598,0.210722547384793,0.47125
"2019-03-09 12:00:00",341.372336723326,0.459683749156834,0.891458333333333
"2019-03-09 13:00:00",343.8797030104,0.857005056582195,1.09187499666667
"2019-03-09 14:00:00",306.738041511589,0.556320453771941,1.01958333333333
"2019-03-09 15:00:00",9.31631266443566,0.850965882627348,1.33166666666667
"2019-03-09 16:00:00",278.723675294961,0.629781919232633,1.38770833333333
"2019-03-09 17:00:00",298.95295165732,0.731438853314721,1.20458333333333
"2019-03-09 18:00:00",279.979969124226,1.19099220807824,1.465
"2019-03-09 19:00:00",173.395012570747,0.661196221685845,1.79708333333333
"2019-03-09 20:00:00",136.091850156116,3.1894092662555,3.32833333333333
"2019-03-09 21:00:00",95.8830764904434,2.1261125854132,2.25529661016949
"2019-03-09 22:00:00",132.158322623598,0.855353888432028,1.14385964912281
"2019-03-09 23:00:00",224.505971941231,0.825898838623658,1.35333333333333
"2019-03-10 00:00:00",246.763924270647,0.972146540511645,1.05520833333333
"2019-03-10 01:00:00",243.843290478463,1.54454926548084,1.70229166666667
"2019-03-10 02:00:00",260.786653853881,0.331087543724936,0.430208333333333
"2019-03-10 03:00:00",242.571593063002,0.577451353728438,0.604166665
"2019-03-10 04:00:00",240.487479631063,0.789860353852268,0.803958331666667
"2019-03-10 05:00:00",262.476419066507,1.12661812723583,1.157916665
"2019-03-10 06:00:00",261.993643510267,0.682132500149577,0.707083333333333
"2019-03-10 07:00:00",260.362830313974,0.1317318433063,0.14375
"2019-03-10 08:00:00",256.314604169911,0.0875106183012324,0.094375
"2019-03-10 09:00:00",228.416617371597,1.18606730355834,1.20374999833333
"2019-03-10 10:00:00",260.278885413058,0.657926200994741,0.733541665
"2019-03-10 11:00:00",287.007681676347,0.984239183077986,1.030416665
"2019-03-10 12:00:00",224.278302307031,1.11536516945045,1.451875
"2019-03-10 13:00:00",224.345140094355,0.991917071275797,1.346666665
"2019-03-10 14:00:00",209.282253287074,1.62180657254146,1.95979166666667
"2019-03-10 15:00:00",202.152262945423,2.24089320323093,2.43729166666667
"2019-03-10 16:00:00",208.525089483872,2.70906316488459,2.86604166666667
"2019-03-10 17:00:00",202.301228487319,3.83092456040787,4.04624996666667
"2019-03-10 18:00:00",197.331257326759,4.29643841110498,4.62562491666667
"2019-03-10 19:00:00",189.278854427117,3.2823928563838,3.52145833333333
"2019-03-10 20:00:00",194.257275567688,2.97080468126016,3.11374998333333
"2019-03-10 21:00:00",203.307551204465,1.20675653175603,1.39229166333333
"2019-03-10 22:00:00",186.79136783543,1.16091007019872,1.239166665
"2019-03-10 23:00:00",264.605244712292,0.199234820309826,1.145
"2019-03-11 00:00:00",283.516938834071,0.427988190852444,0.465625
"2019-03-11 01:00:00",273.763642493183,0.165066829666551,0.231041666666667
"2019-03-11 02:00:00",235.676892207818,1.16588447405056,1.2075
"2019-03-11 03:00:00",237.463654103568,0.368854048698171,0.509375
"2019-03-11 04:00:00",215.65427825565,0.982514850386089,1.07729166666667
"2019-03-11 05:00:00",265.916538590123,1.08833230695849,1.389791665
"2019-03-11 06:00:00",235.329607766273,1.19554727668468,1.526875
"2019-03-11 07:00:00",245.22921813733,0.572022605528267,0.644583333333333
"2019-03-11 08:00:00",10.9972396252367,0.204866495296243,0.243333333333333
"2019-03-11 09:00:00",344.239637970962,0.283229076517603,0.3325
"2019-03-11 10:00:00",273.307266136245,0.523598482305017,0.538333333333333
"2019-03-11 11:00:00",275.215376725142,0.767807746447826,0.795833331666667
"2019-03-11 12:00:00",317.572583047736,0.430870037867903,0.606666665
"2019-03-11 13:00:00",15.3200133304446,0.612902053543643,1.05520833333333
"2019-03-11 14:00:00",305.673783832452,1.40750922825264,1.59583333333333
"2019-03-11 15:00:00",347.654250928632,1.23210497306663,1.519375
"2019-03-11 16:00:00",329.702792909516,0.574682859492189,1.065
"2019-03-11 17:00:00",187.457048198388,2.79000285651475,2.98666666666667
"2019-03-11 18:00:00",176.341943847795,1.88583495385417,2.03791666666667
"2019-03-11 19:00:00",191.587997788825,0.606128881066076,1.04145833333333
"2019-03-11 20:00:00",241.074679897343,0.922800055055164,0.980833333333333
"2019-03-11 21:00:00",237.320789348725,0.444732977615116,0.481666666666667
"2019-03-11 22:00:00",216.062905108949,0.228850719979558,0.424374998333333
"2019-03-11 23:00:00",150.316983063406,0.944822588532694,1.04354166333333
"2019-03-12 00:00:00",155.788051066662,0.493027696878714,0.516041666666667
"2019-03-12 01:00:00",94.8278686895447,0.17779692326102,0.208541666666667
"2019-03-12 02:00:00",104.523303740465,0.22224090211007,0.25125
"2019-03-12 03:00:00",351.658263871865,0.0512265534749484,0.053125
"2019-03-12 04:00:00",82.8991230683221,0.125795810195041,0.2275
"2019-03-12 05:00:00",235.173351275068,0.451422023319664,0.506666666666667
"2019-03-12 06:00:00",95.4814420778734,0.220834604475824,0.237291666666667
"2019-03-12 07:00:00",151.386850365297,0.904698599382866,0.990208331666667
"2019-03-12 08:00:00",162.437451260071,0.265730414324838,0.354583331666667
"2019-03-12 09:00:00",175.33337515448,0.36294613436047,0.486666665
"2019-03-12 10:00:00",283.481864981459,0.453334860021357,0.496666666666667
"2019-03-12 11:00:00",285.073406527419,0.758683626474632,0.843124995
"2019-03-12 12:00:00",316.136017554644,1.17703927017954,1.26770833166667
"2019-03-12 13:00:00",331.465721572733,0.885268016342664,1.162916665
"2019-03-12 14:00:00",355.181456933663,0.37175962685984,1.27958333333333
"2019-03-12 15:00:00",158.929073985518,0.222211432574547,0.939166665
"2019-03-12 16:00:00",340.848116865482,0.72868171893034,0.895208333333333
"2019-03-12 17:00:00",0.710484388094699,0.62086290153928,1.28541666666667
"2019-03-12 18:00:00",50.0277350402449,0.87756805000292,1.48208333333333
"2019-03-12 19:00:00",4.95542825786814,0.722100844335382,0.845
"2019-03-12 20:00:00",17.4669256639662,0.580541973177269,0.660833331666667
"2019-03-12 21:00:00",32.2800806500006,0.628190102324103,0.75625
"2019-03-12 22:00:00",55.6110370487779,1.87947970971427,2.13375
"2019-03-12 23:00:00",90.7058056100316,2.2041134978841,2.68520833333333
"2019-03-13 00:00:00",123.839576566627,0.727474769406473,0.929375
"2019-03-13 01:00:00",238.008667198984,0.182546525576414,0.33
"2019-03-13 02:00:00",292.849700527553,0.16473571340723,0.231041666666667
"2019-03-13 03:00:00",98.6091393863293,0.136869420222169,0.200833333333333
"2019-03-13 04:00:00",125.443284593347,0.163540060419868,0.206458333333333
"2019-03-13 05:00:00",256.082975735878,0.114460106997702,0.139166666666667
"2019-03-13 06:00:00",147.115080578208,0.0246848174910365,0.0285416666666667
"2019-03-13 07:00:00",26.7409754372608,0.0605122599277783,0.0935416666666667
"2019-03-13 08:00:00",97.3723156802991,0.10622575110029,0.13625
"2019-03-13 09:00:00",255.968909106281,0.117963169313804,0.324375
"2019-03-13 10:00:00",71.5906567629001,0.481927534834431,0.529583331666667
"2019-03-13 11:00:00",52.1555176561194,1.29840314368839,1.50375
"2019-03-13 12:00:00",33.7993845413689,1.67236202867646,1.95104166666667
"2019-03-13 13:00:00",8.66806416294662,1.40886649736732,1.56895833333333
"2019-03-13 14:00:00",336.515836298459,0.623018514128073,1.115625
"2019-03-13 15:00:00",293.920676838032,1.06228189913848,1.22895833333333
"2019-03-13 16:00:00",316.761362516117,0.635598647031184,1.24625
"2019-03-13 17:00:00",254.97898118418,3.32451447799248,4.18020821666667
"2019-03-13 18:00:00",155.801153941882,1.82431109927062,2.21375
"2019-03-13 19:00:00",320.421083497021,0.422574278031184,0.674791663333333
"2019-03-13 20:00:00",271.895625481972,0.105191413601996,0.231874996666667
"2019-03-13 21:00:00",263.840779386812,0.140971623119765,0.203958333333333
"2019-03-13 22:00:00",136.875992022232,0.169782661787168,0.453125
"2019-03-13 23:00:00",79.2406802329793,0.924504357760858,0.996666666666667
"2019-03-14 00:00:00",91.2433791421935,0.483045295904407,0.52270833
"2019-03-14 01:00:00",263.346310548038,0.130019811437821,0.136458333333333
"2019-03-14 02:00:00",114.375717240857,0.0759934552931663,0.126875
"2019-03-14 03:00:00",161.652913651169,0.186989321906068,0.233958333333333
"2019-03-14 04:00:00",213.444599076428,0.0919528375561236,0.217708333333333
"2019-03-14 05:00:00",203.45981178518,0.779373934780867,1.06083333166667
"2019-03-14 06:00:00",186.167498819642,0.424969189036492,0.607916666666667
"2019-03-14 07:00:00",277.861560954231,0.272665405339283,0.322291666666667
"2019-03-14 08:00:00",90.5751678878324,0.149051977312554,0.205296606779661
"2019-03-14 09:00:00",73.9231292542734,0.454141895292865,0.477083331666667
"2019-03-14 10:00:00",0.395707802633837,0.159154020948337,0.373333333333333
"2019-03-14 11:00:00",5.65895107299337,0.727387906455254,0.915833333333333
"2019-03-14 12:00:00",19.4063118891249,0.802456449523728,0.910416663333333
"2019-03-14 13:00:00",12.019188550815,0.719355764885578,0.925833333333333
"2019-03-14 14:00:00",317.288755635319,0.583528771124288,0.841666666666667
"2019-03-14 15:00:00",242.88837315127,0.853298936035487,1.42354166666667
"2019-03-14 16:00:00",241.657979933863,1.96323894217648,2.20770833333333
"2019-03-14 17:00:00",226.995157644176,2.30372590407162,2.73708333333333
"2019-03-14 18:00:00",195.730142651239,1.62472133902321,1.99395833333333
"2019-03-14 19:00:00",184.487670152337,1.78975808558311,1.909375
"2019-03-14 20:00:00",319.342221374361,0.442177791695269,1.39208333166667
"2019-03-14 21:00:00",39.2593547498138,1.9570949159587,2.093125
"2019-03-14 22:00:00",78.1354828136883,0.822764509344362,1.37145833333333
"2019-03-14 23:00:00",115.632479819544,0.725510032051094,0.890625
"2019-03-15 00:00:00",17.4533433132831,0.147258329492467,0.251666666666667
"2019-03-15 01:00:00",30.6034007652063,0.416740404449816,0.459166666666667
"2019-03-15 02:00:00",82.3627278261345,0.403801621138037,0.420416666666667
"2019-03-15 03:00:00",91.5830593753242,0.66406725648178,0.683125
"2019-03-15 04:00:00",40.4890729277396,0.155935706214804,0.295
"2019-03-15 05:00:00",339.015348622222,0.0519269589816013,0.06375
"2019-03-15 06:00:00",293.72746392233,0.0265903274466816,0.026875
"2019-03-15 07:00:00",93.4243622384781,0.00902367730930063,0.0158333333333333
"2019-03-15 08:00:00",95.7883820786136,0.217295737750863,0.25625
"2019-03-15 09:00:00",335.323485373142,0.236389123304798,0.28875
"2019-03-15 10:00:00",344.022758364878,0.357559164459529,0.463125
"2019-03-15 11:00:00",308.187209385968,0.607859762866896,0.662916666666667
"2019-03-15 12:00:00",294.02366687767,1.18784121468778,1.31062499833333
"2019-03-15 13:00:00",310.547892037792,0.933413168043575,1.1375
"2019-03-15 14:00:00",264.607944718443,0.845488321725304,1.299375
"2019-03-15 15:00:00",269.137382034471,1.62070988203395,1.85656779661017
"2019-03-15 16:00:00",279.179635592095,2.22232802469308,2.44291666666667
"2019-03-15 17:00:00",271.454275874005,1.37080098019555,2.129375
"2019-03-15 18:00:00",149.822752334585,3.6269280227195,3.90958331666667
"2019-03-15 19:00:00",164.601628619557,2.4450598626314,2.63166666666667
"2019-03-15 20:00:00",168.557633086788,1.71392547070934,1.856875
"2019-03-15 21:00:00",166.063022795261,1.16336812399581,1.305416665
"2019-03-15 22:00:00",167.889349578239,1.06664204137132,1.14333333333333
"2019-03-15 23:00:00",172.681585547712,0.965355269746652,1.03541666666667
"2019-03-16 00:00:00",120.325969277985,0.688264082746316,0.772916665
"2019-03-16 01:00:00",77.5648539873824,0.202704243695903,0.232916666666667
"2019-03-16 02:00:00",141.529014130335,0.0472915024051299,0.0472916666666667
"2019-03-16 03:00:00",249.149172965348,0.101885820874282,0.10875
"2019-03-16 04:00:00",279.688411077593,0.151566574216358,0.155416666666667
"2019-03-16 05:00:00",88.2009006636245,0.0213016587941936,0.0260416666666667
"2019-03-16 06:00:00",14.2600703709648,0.0342412158174331,0.0354166666666667
"2019-03-16 07:00:00",299.446574379138,0.0114536018691122,0.011875
"2019-03-16 08:00:00",227.635879168755,0.190395409066832,0.222291666666667
"2019-03-16 09:00:00",179.55234291713,0.0421969290816237,0.0558333333333333
"2019-03-16 10:00:00",325.526766185425,0.229434872938054,0.245
"2019-03-16 11:00:00",337.569547739785,0.55558996717469,0.711666666666667
"2019-03-16 12:00:00",16.8912933752873,0.437650554467395,0.613333333333333
"2019-03-16 13:00:00",38.8434097474176,0.518663079261259,0.911041666666667
"2019-03-16 14:00:00",66.0355632204875,1.08486389868005,1.360625
"2019-03-16 15:00:00",70.8017564402901,1.00288548865408,1.54645833333333
"2019-03-16 16:00:00",69.488944857756,1.18908634603583,1.534791665
"2019-03-16 17:00:00",14.5669012100645,1.28116107236546,1.69666666666667
"2019-03-16 18:00:00",152.291149055774,1.99224246320253,2.514375
"2019-03-16 19:00:00",136.299856988613,2.06676370118384,2.15624999833333
"2019-03-16 20:00:00",48.2102539115238,1.12590480966832,1.23541666666667
"2019-03-16 21:00:00",41.7520032410736,0.192518764608271,0.233125
"2019-03-16 22:00:00",91.780153686325,0.0264255757556851,0.044375
"2019-03-16 23:00:00",87.3112139839098,0.186929750894669,0.22625
"2019-03-17 00:00:00",262.191910226595,0.00562907278848269,0.034375
"2019-03-17 01:00:00",114.532603076194,0.154465714116444,0.183333331666667
"2019-03-17 02:00:00",65.2032616618478,0.0534800407869219,0.0547916666666667
"2019-03-17 03:00:00",71.5399576436378,0.517769263722494,0.54
"2019-03-17 04:00:00",61.3954611376152,0.195087987469527,0.215833333333333
"2019-03-17 05:00:00",359.127936759198,0.110381567712413,0.158958333333333
"2019-03-17 06:00:00",54.0821126761983,0.329851277497836,0.398541666666667
"2019-03-17 07:00:00",78.9780129390394,0.956016795077238,0.980416665
"2019-03-17 08:00:00",79.8553477027835,0.374475573351659,0.399583331666667
"2019-03-17 09:00:00",91.7066782993411,0.395730860141599,0.466874996666667
"2019-03-17 10:00:00",80.6052342377509,0.902114692983061,0.94708333
"2019-03-17 11:00:00",58.4404022491614,2.39653670231368,2.56895833333333
"2019-03-17 12:00:00",57.6988017558355,2.61310751598045,2.8175
"2019-03-17 13:00:00",56.3311886785552,2.07331541648338,2.28
"2019-03-17 14:00:00",59.8616122318997,1.27654349057834,1.70541666666667
"2019-03-17 15:00:00",14.8393228875629,1.11098454338624,1.41708333166667
"2019-03-17 16:00:00",337.984674964333,1.21578586536253,1.44437499833333
"2019-03-17 17:00:00",337.823226361942,1.04209983269691,1.13270833333333
"2019-03-17 18:00:00",330.511449177921,0.826676003477327,0.89875
"2019-03-17 19:00:00",284.570390280805,0.962367402255003,1.59833333333333
"2019-03-17 20:00:00",182.66938428759,1.67807321873352,2.01395833333333
"2019-03-17 21:00:00",278.665605628603,0.109117032839545,0.593541666666667
"2019-03-17 22:00:00",73.389477549717,0.234976119152518,0.349791666666667
"2019-03-17 23:00:00",78.4955988463323,0.318458790808121,0.332499998333333
"2019-03-18 00:00:00",91.7680414160965,0.227410131496094,0.276874998333333
"2019-03-18 01:00:00",90.4186568991803,0.627450266084233,0.661041665
"2019-03-18 02:00:00",68.9803589413471,0.560169697495871,0.587916665
"2019-03-18 03:00:00",74.2978792397734,0.952373600455391,0.995416666666667
"2019-03-18 04:00:00",92.9754626578781,0.695245211427417,0.737711862711864
"2019-03-18 05:00:00",43.2072178662922,0.217585335578616,0.286041666666667
"2019-03-18 06:00:00",345.044820270222,0.2921344548194,0.308262708474576
"2019-03-18 07:00:00",334.131822590817,0.00679896216705208,0.00805084745762712
"2019-03-18 08:00:00",104.138752398086,0.0363751533679083,0.043125
"2019-03-18 09:00:00",1.14545036992911,0.260056764780028,0.313958333333333
"2019-03-18 10:00:00",47.9554696245954,0.724891650448341,0.786666661666667
"2019-03-18 11:00:00",85.7172419630166,0.884582134869985,0.988749998333333
"2019-03-18 12:00:00",53.3061111636806,0.385706175048409,0.604661013559322
"2019-03-18 13:00:00",70.9772603655585,0.611371578004727,0.911458333333333
"2019-03-18 14:00:00",282.031572818845,0.633979707481068,0.996666666666667
"2019-03-18 15:00:00",321.390977023681,0.571694722088918,1.27958333166667
"2019-03-18 16:00:00",278.396593384643,1.34739835747397,1.68666666666667
"2019-03-18 17:00:00",278.981554739033,1.92769313371393,2.1175
"2019-03-18 18:00:00",269.378223050521,2.80050580408084,3.0275
"2019-03-18 19:00:00",277.06278142587,2.482694466527,2.62584745762712
"2019-03-18 20:00:00",291.237813112625,1.10740194546643,1.15974576101695
"2019-03-18 21:00:00",317.788252180722,0.235428465855459,0.248958333333333
"2019-03-18 22:00:00",97.6790485861835,0.259487118974305,0.288958333333333
"2019-03-18 23:00:00",51.6593499438892,0.351593578386194,0.414791666666667
"2019-03-19 00:00:00",30.1338665831081,0.988688209591497,1.055416665
"2019-03-19 01:00:00",81.4906095643549,0.335593204682652,0.379791666666667
"2019-03-19 02:00:00",111.205765304963,0.204541162707325,0.235
"2019-03-19 03:00:00",254.180465125931,0.0779169132067102,0.0913135593220339
"2019-03-19 04:00:00",157.790791580799,0.0670383515735515,0.0814583333333333
"2019-03-19 05:00:00",106.207285491171,0.0535011816799231,0.0739583333333333
"2019-03-19 06:00:00",101.45601753508,0.0749006295190627,0.075
"2019-03-19 07:00:00",87.0709894566227,0.272597995509201,0.2875
"2019-03-19 08:00:00",247.172939952056,0.0443071897175103,0.0625
"2019-03-19 09:00:00",273.848390919033,0.157060568350032,0.162083333333333
"2019-03-19 10:00:00",2.51309437905616,0.160460565540737,0.22375
"2019-03-19 11:00:00",65.4371165012007,0.111861609932057,0.311041666666667
"2019-03-19 12:00:00",293.024441170464,0.28613421002133,0.672916666666667
"2019-03-19 13:00:00",279.94085415755,0.865043978490899,1.424375
"2019-03-19 14:00:00",269.65340489218,1.51088143064303,1.92770833166667
"2019-03-19 15:00:00",266.131701704496,4.18602424541571,4.46708331666667
"2019-03-19 16:00:00",270.997860205264,3.86679134994632,4.07958331666667
"2019-03-19 17:00:00",262.496920072616,4.41539253781514,4.6360416
"2019-03-19 18:00:00",265.689581429349,3.64342388102258,3.80395831666667
"2019-03-19 19:00:00",258.860434446346,3.34842279756626,3.48458331666667
"2019-03-19 20:00:00",219.753149353723,2.80590325997159,3.51145831666667
"2019-03-19 21:00:00",195.619965089608,3.55200653671004,3.78645828333333
"2019-03-19 22:00:00",220.682077184553,2.25438966589554,2.64957627118644
"2019-03-19 23:00:00",225.229054274668,1.11756434251386,1.49958333166667
"2019-03-20 00:00:00",243.314827888839,0.732482294980363,0.814166665
"2019-03-20 01:00:00",253.38758587819,1.13083896391627,1.193125
"2019-03-20 02:00:00",223.921859526398,0.838687162673817,0.892083333333333
"2019-03-20 03:00:00",286.136098511413,0.464344199577913,0.500624998333333
"2019-03-20 04:00:00",270.656656255725,0.446208745175744,0.460416665
"2019-03-20 05:00:00",276.345458931628,0.526784696277622,0.543958333333333
"2019-03-20 06:00:00",238.770132757811,0.447323836638511,0.467083331666667
"2019-03-20 07:00:00",231.279906185509,0.179012668432424,0.200833333333333
"2019-03-20 08:00:00",187.018557845051,0.76118159964601,0.815625
"2019-03-20 09:00:00",211.349856063173,0.18614331922206,0.219375
"2019-03-20 10:00:00",243.849507745993,0.277077980092021,0.40625
"2019-03-20 11:00:00",307.36753686216,0.64616241179369,0.773124998333333
"2019-03-20 12:00:00",265.760912967099,0.513649732664382,0.724375
"2019-03-20 13:00:00",265.851935813803,0.478720538641454,0.839583331666667
"2019-03-20 14:00:00",214.231659065593,0.608855350508911,1.11125
"2019-03-20 15:00:00",278.67829866653,0.571567341720188,0.925833333333333
"2019-03-20 16:00:00",171.895009726493,1.46572988037418,1.80883620689655
"2019-03-20 17:00:00",149.92934432451,3.09301511587501,3.32958333333333
"2019-03-20 18:00:00",152.217012635525,2.99186720517515,3.22208333333333
"2019-03-20 19:00:00",147.170423816016,3.16601085521876,3.520625
"2019-03-20 20:00:00",161.205193364824,2.53142089256006,2.81416666666667
"2019-03-20 21:00:00",193.827767263514,1.01459855010802,1.28979166333333
"2019-03-20 22:00:00",225.068062903037,1.3695464738928,1.39958333333333
"2019-03-20 23:00:00",219.008117303592,0.768852476984545,0.801666663333333
"2019-03-21 00:00:00",202.984453310353,0.920441774491721,0.945833333333333
"2019-03-21 01:00:00",206.477497124833,0.483303488557692,0.565625
"2019-03-21 02:00:00",135.960759444775,0.567959500193964,0.58875
"2019-03-21 03:00:00",157.575032753802,0.530296401213711,0.604375
"2019-03-21 04:00:00",171.708457367353,0.18630528643058,0.19875
"2019-03-21 05:00:00",83.3312799913684,0.0223666406682494,0.0714583333333333
"2019-03-21 06:00:00",269.284284200121,0.262980236024827,0.288541666666667
"2019-03-21 07:00:00",66.5476875740183,0.127900832691222,0.133541666666667
"2019-03-21 08:00:00",150.112756553207,0.74438968676832,0.823125
"2019-03-21 09:00:00",188.258096210516,1.04203876358373,1.07729166666667
"2019-03-21 10:00:00",163.892147364529,1.46150614656091,1.60020833333333
"2019-03-21 11:00:00",185.240107249565,0.960917180336599,1.04104166666667
"2019-03-21 12:00:00",137.340616078908,1.65356614051353,1.779375
"2019-03-21 13:00:00",145.85825413858,1.58671266272342,1.72958333333333
"2019-03-21 14:00:00",116.875751365301,0.914384596750443,1.08625
"2019-03-21 15:00:00",133.99783205278,1.6320396337475,1.75354166666667
"2019-03-21 16:00:00",177.623503819019,1.65586517401161,2.27208333333333
"2019-03-21 17:00:00",153.798595508701,1.99065912116616,2.275625
"2019-03-21 18:00:00",150.38820660914,1.94354401038202,2.1125
"2019-03-21 19:00:00",142.939550076307,2.08072992664198,2.24708333333333
"2019-03-21 20:00:00",156.252119902715,1.19029997384271,1.32854166666667
"2019-03-21 21:00:00",188.260015721618,0.743114394054463,0.797291666666667
"2019-03-21 22:00:00",132.068271747512,1.19999797229854,1.39375
"2019-03-21 23:00:00",103.957175156767,0.303085655891325,0.374583331666667
"2019-03-22 00:00:00",96.7481966882866,0.171754898551192,0.213125
"2019-03-22 01:00:00",74.6627665307588,0.629033326480063,0.648958333333333
"2019-03-22 02:00:00",92.8980993423314,0.101802085830206,0.116875
"2019-03-22 03:00:00",152.082775790612,0.177870457015556,0.197083333333333
"2019-03-22 04:00:00",131.936098689283,0.0891639908175808,0.0995833333333333
"2019-03-22 05:00:00",111.067346241639,1.02075610127454,1.13479166666667
"2019-03-22 06:00:00",128.168536063032,0.0737055532958112,0.086875
"2019-03-22 07:00:00",104.012492474957,0.0349295516295387,0.0420833333333333
"2019-03-22 08:00:00",149.596063099947,0.021450872079543,0.0214583333333333
"2019-03-22 09:00:00",271.580455245352,0.110188906225503,0.153125
"2019-03-22 10:00:00",261.816914077235,0.683787288567187,0.719583333333333
"2019-03-22 11:00:00",302.673003562996,0.190252559413571,0.554583331666667
"2019-03-22 12:00:00",61.3014895255114,1.7387989698177,1.905
"2019-03-22 13:00:00",40.3222826585576,1.93188541367121,2.10625
"2019-03-22 14:00:00",41.188890845694,1.82797338249598,1.95895833333333
"2019-03-22 15:00:00",32.3910544539381,1.84481991461659,1.99125
"2019-03-22 16:00:00",64.1509218160731,1.88453281632417,2.16541665
"2019-03-22 17:00:00",82.2206845060438,2.50191161253703,2.63083333333333
"2019-03-22 18:00:00",86.5540623723393,1.65137126368366,1.793125
"2019-03-22 19:00:00",60.225381521173,2.00464674611674,2.2375
"2019-03-22 20:00:00",118.281277498593,1.43252596835468,1.54104166666667
"2019-03-22 21:00:00",72.0548515515732,2.03941680520542,2.14854166666667
"2019-03-22 22:00:00",67.1275974117514,1.95327057202575,2.01020833333333
"2019-03-22 23:00:00",62.0999476034255,1.60869572593364,1.703125
"2019-03-23 00:00:00",81.0402790959816,1.89338707428196,1.95833333333333
"2019-03-23 01:00:00",66.8161941746189,1.50487602021415,1.56479166666667
"2019-03-23 02:00:00",71.0319825475654,1.56123533194111,1.59229166666667
"2019-03-23 03:00:00",58.7336020894982,1.31375447294045,1.37838982711864
"2019-03-23 04:00:00",62.1136972057304,1.63255457536152,1.79083333333333
"2019-03-23 05:00:00",89.5961109358556,1.54021847456184,1.58604166666667
"2019-03-23 06:00:00",94.5658996598839,1.55653598908706,1.65562499833333
"2019-03-23 07:00:00",75.1413147640398,0.433037653566902,0.447291666666667
"2019-03-23 08:00:00",88.5778404306907,0.0606247602232471,0.0663793103448276
"2019-03-23 09:00:00",101.642304646796,0.190821563971806,0.204375
"2019-03-23 10:00:00",73.9189805925553,1.24383883533098,1.34449152542373
"2019-03-23 11:00:00",63.6351752621369,2.0997333810123,2.21520833333333
"2019-03-23 12:00:00",50.62648525382,2.56416597810846,2.71854166666667
"2019-03-23 13:00:00",64.5321432058138,2.07962160476313,2.31833333333333
"2019-03-23 14:00:00",55.579118318777,1.88244610492284,2.22708333333333
"2019-03-23 15:00:00",20.4041254393543,1.41014927927415,1.81833333333333
"2019-03-23 16:00:00",46.3540186559678,0.717296127926651,1.33125
"2019-03-23 17:00:00",114.232539311368,0.202082891898801,0.957916665
"2019-03-23 18:00:00",108.546834210817,0.803984887782537,0.947499998333333
"2019-03-23 19:00:00",162.579982693051,0.359011017567656,0.537711862711864
"2019-03-23 20:00:00",150.694262002533,0.937237390177807,1.109375
"2019-03-23 21:00:00",146.292292646989,2.52733839939409,2.74583333333333
"2019-03-23 22:00:00",143.512717941276,2.88686355069075,2.99416666666667
"2019-03-23 23:00:00",141.207631612927,0.595431257196137,1.06791666666667
"2019-03-24 00:00:00",251.534247716226,0.418337120792364,0.44375
"2019-03-24 01:00:00",222.740757543026,0.536597035001609,0.60458333
"2019-03-24 02:00:00",263.892444073929,1.01800246266044,1.15625
"2019-03-24 03:00:00",235.599547688503,0.951337821358688,1.06652542372881
"2019-03-24 04:00:00",273.986083954477,0.832271125186402,0.86125
"2019-03-24 05:00:00",269.207978499314,0.924580914467394,0.942372879661017
"2019-03-24 06:00:00",270.525682168791,0.462719032569636,0.47916666
"2019-03-24 07:00:00",261.327031114093,0.47863435219166,0.498541666666667
"2019-03-24 08:00:00",256.133038816643,0.274643056508368,0.299166663333333
"2019-03-24 09:00:00",217.864390441763,0.0902691122528702,0.0963983050847458
"2019-03-24 10:00:00",258.467995399423,0.050358526510848,0.17875
"2019-03-24 11:00:00",250.662729055551,0.207843256016774,0.240208333333333
"2019-03-24 12:00:00",294.721205245445,0.410729374003924,0.507291665
"2019-03-24 13:00:00",64.2112666600276,0.614856166723922,1.02125
"2019-03-24 14:00:00",46.4288688029291,0.646490598284521,1.03326271186441
"2019-03-24 15:00:00",77.841453456331,0.434487304345463,0.894915254237288
"2019-03-24 16:00:00",82.1554675459876,0.427366899490311,1.25431034482759
"2019-03-24 17:00:00",147.048508843397,0.732906410647673,1.22586206896552
"2019-03-24 18:00:00",192.037409930367,0.939983941877314,1.42133620689655
"2019-03-24 19:00:00",141.790598466195,2.39910967078201,2.54724576271186
"2019-03-24 20:00:00",139.816581271446,2.70327288158374,2.84597457627119
"2019-03-24 21:00:00",150.223193302968,1.04766333854494,1.20366379137931
"2019-03-24 22:00:00",176.085086423135,0.342896671629397,0.386853448275862
"2019-03-24 23:00:00",133.796587522657,0.197923462521974,0.340889830508475
"2019-03-25 00:00:00",239.46532271937,0.129779677147762,0.222629310344828
"2019-03-25 01:00:00",232.651802243324,0.253074948456767,0.268103448275862
"2019-03-25 02:00:00",134.606510076048,0.0796404492544555,0.196666666666667
"2019-03-25 03:00:00",95.7483288986063,0.0141149428149962,0.0147916666666667
"2019-03-25 04:00:00",100.58753451942,0.0339484695374403,0.035625
"2019-03-25 05:00:00",180,0,0
"2019-03-25 06:00:00",180,0,0
"2019-03-25 07:00:00",188.258835149172,0.0413902340865891,0.0827083333333333
"2019-03-25 08:00:00",255.434460860542,0.0749828301013466,0.076271186440678
"2019-03-25 09:00:00",288.274398947101,0.146599964766792,0.157708333333333
"2019-03-25 10:00:00",299.021524573164,0.380255855209468,0.424583333333333
"2019-03-25 11:00:00",28.6962127693992,0.860418270963571,1.02562499833333
"2019-03-25 12:00:00",348.283613103799,1.07146177011802,1.305625
"2019-03-25 13:00:00",358.182792011467,0.675868218539114,1.03834745762712
"2019-03-25 14:00:00",320.741193355629,0.533482137793838,0.906041665
"2019-03-25 15:00:00",259.660961093908,0.42271802477652,1.06645833333333
"2019-03-25 16:00:00",211.345274491936,0.314395066499292,1.09208333166667
"2019-03-25 17:00:00",205.666060353497,0.791744770990519,1.17979166666667
"2019-03-25 18:00:00",158.492169339384,0.777150976262257,1.11895833333333
"2019-03-25 19:00:00",150.828760872917,1.48140508814769,1.69291666666667
"2019-03-25 20:00:00",146.559992579026,1.30568419427231,1.34300847457627
"2019-03-25 21:00:00",141.125832421557,2.28915229265334,2.36080508474576
"2019-03-25 22:00:00",138.404517400146,0.607267127856127,0.753958331666667
"2019-03-25 23:00:00",147.899538133466,0.084027128005072,0.140625
"2019-03-26 00:00:00",145.404129883034,0.0630610525901512,0.130625
"2019-03-26 01:00:00",246.878619088458,0.0552253920118138,0.0554166666666667
"2019-03-26 02:00:00",181.368569606003,0.625869009233679,0.724166666666667
"2019-03-26 03:00:00",184.235141053946,0.103376322570587,0.127083333333333
"2019-03-26 04:00:00",194.827452027423,0.184148947880132,0.205508472881356
"2019-03-26 05:00:00",180,0,0
"2019-03-26 06:00:00",141.596060195861,0.0744477237812477,0.0745833333333333
"2019-03-26 07:00:00",7.38957835138325,0.00800474116995982,0.0125
"2019-03-26 08:00:00",156.822985277183,0.164200774037498,0.197291666666667
"2019-03-26 09:00:00",309.915399183917,0.0243704341181996,0.0247916666666667
"2019-03-26 10:00:00",312.738786567591,0.29754297674201,0.338958333333333
"2019-03-26 11:00:00",341.20271543604,0.189311227675467,0.39375
"2019-03-26 12:00:00",57.5078754995422,1.07728856084196,1.224375
"2019-03-26 13:00:00",33.2150906987605,1.11458666571965,1.471666665
"2019-03-26 14:00:00",70.8192490703543,0.858934091201198,1.51645833333333
"2019-03-26 15:00:00",105.247675952473,1.2369994845955,1.84661016949153
"2019-03-26 16:00:00",102.40448734452,1.33586695762923,1.63791666666667
"2019-03-26 17:00:00",101.984842829483,0.859900163107565,1.39458333166667
"2019-03-26 18:00:00",138.414590930914,1.42723178739211,1.92627118644068
"2019-03-26 19:00:00",151.045612157755,2.98263092183445,3.19666666666667
"2019-03-26 20:00:00",146.742110487566,3.44702632482994,3.66864403389831
"2019-03-26 21:00:00",135.300246003495,2.12831805020128,2.88749998333333
"2019-03-26 22:00:00",73.3918804427046,0.361246257334808,0.77
"2019-03-26 23:00:00",156.900892623542,0.566565113399478,0.620416665
"2019-03-27 00:00:00",138.955104494246,0.902841969407483,0.936666663333333
"2019-03-27 01:00:00",179.464892378404,0.567023403223716,0.609791666666667
"2019-03-27 02:00:00",153.577210130995,1.01048416775348,1.03770833333333
"2019-03-27 03:00:00",127.367126348166,0.340255894480047,0.407916666666667
"2019-03-27 04:00:00",83.0826971877405,0.0999875914112177,0.11375
"2019-03-27 05:00:00",91.4230839159848,0.627165532702355,0.654999996666667
"2019-03-27 06:00:00",90.4040371156374,0.965178205861378,1.013125
"2019-03-27 07:00:00",98.6895889680443,0.125465691500655,0.138125
"2019-03-27 08:00:00",73.0233013649249,0.316597851393515,0.320625
"2019-03-27 09:00:00",68.5469756098251,0.487492026836574,0.515833333333333
"2019-03-27 10:00:00",91.6934699974815,0.348446501343056,0.37125
"2019-03-27 11:00:00",62.9483907962636,0.667288495879286,0.965833333333333
"2019-03-27 12:00:00",61.1667449980836,1.90475667591355,2.13050847457627
"2019-03-27 13:00:00",55.5042393170638,0.465766544157351,1.12770833333333
"2019-03-27 14:00:00",98.8749395475604,0.817286813241512,1.42333333333333
"2019-03-27 15:00:00",100.741739317253,1.30987861855242,1.63479166666667
"2019-03-27 16:00:00",72.2754567621074,1.25715910447331,1.59854166666667
"2019-03-27 17:00:00",46.8500044013483,0.289412177849264,0.992708333333333
"2019-03-27 18:00:00",178.830953540058,1.0176085613064,1.656875
"2019-03-27 19:00:00",150.502880338922,2.63670803083079,2.96645833333333
"2019-03-27 20:00:00",147.906070483626,3.76019000325627,3.98199150847458
"2019-03-27 21:00:00",145.103028353266,2.62263373014139,3.03479166666667
"2019-03-27 22:00:00",65.7391943342112,0.677683635844929,0.934583331666667
"2019-03-27 23:00:00",104.83754225087,0.41852249947728,0.710169489830508
"2019-03-28 00:00:00",124.245665469119,0.909057082071431,1.00708333
"2019-03-28 01:00:00",148.540608336392,1.71228792992137,1.84458333333333
"2019-03-28 02:00:00",143.855053280245,0.680058920187435,0.709166666666667
"2019-03-28 03:00:00",116.679092463654,0.379393340581073,0.432291661666667
"2019-03-28 04:00:00",120.623759494003,0.277660943108376,0.300208333333333
"2019-03-28 05:00:00",159.214401358111,0.114959208755049,0.142083331666667
"2019-03-28 06:00:00",88.8766616992245,0.0826208344303459,0.127916666666667
"2019-03-28 07:00:00",122.074108379328,0.0713933026049223,0.100208333333333
"2019-03-28 08:00:00",152.173468960514,0.0400919481032673,0.0433189655172414
"2019-03-28 09:00:00",16.1347937359064,0.122260546873935,0.165833333333333
"2019-03-28 10:00:00",35.1442886194324,0.162980393069084,0.355208333333333
"2019-03-28 11:00:00",53.4294247761209,0.644209854555093,0.892291663333333
"2019-03-28 12:00:00",58.2548778574048,1.04384756030984,1.25541666666667
"2019-03-28 13:00:00",67.088665197874,1.50784998401508,1.78008474576271
"2019-03-28 14:00:00",123.808879185132,0.97499400956371,1.203125
"2019-03-28 15:00:00",175.287958632071,0.769905490741294,1.4025
"2019-03-28 16:00:00",149.288265454652,2.47267761398299,2.71249998333333
"2019-03-28 17:00:00",139.00280884755,4.04231722375043,4.39525856896552
"2019-03-28 18:00:00",132.59081410058,4.45245254427769,4.65229161666667
"2019-03-28 19:00:00",124.85691945055,2.09292627801148,2.3525
"2019-03-28 20:00:00",126.438901772442,0.768505701905138,0.993432203389831
"2019-03-28 21:00:00",175.283597722772,2.3494001825074,2.57541666666667
"2019-03-28 22:00:00",143.044538298065,2.15449963492677,2.33645833333333
"2019-03-28 23:00:00",122.012101733561,1.35183409121045,1.60169491525424
"2019-03-29 00:00:00",102.19539329357,0.638605363454615,0.689375
"2019-03-29 01:00:00",141.48631739109,0.448355859737634,0.912291665
"2019-03-29 02:00:00",149.782810383134,0.611995617258123,0.712291666666667
"2019-03-29 03:00:00",152.269809029741,0.789007068867125,0.854094827586207
"2019-03-29 04:00:00",159.886955758075,0.475031699655299,0.502708333333333
"2019-03-29 05:00:00",151.7725847769,0.261438325573491,0.2725
"2019-03-29 06:00:00",156.595334461888,0.157414848449293,0.175625
"2019-03-29 07:00:00",148.505940170027,0.160871692999527,0.16625
"2019-03-29 08:00:00",144.996843321594,0.330404468919447,0.344166666666667
"2019-03-29 09:00:00",96.7083859330763,0.146306122132298,0.180084745762712
"2019-03-29 10:00:00",339.459772470657,0.308612719275275,0.39625
"2019-03-29 11:00:00",55.5608242256516,0.603478202180875,0.826458331666667
"2019-03-29 12:00:00",62.7027687250655,1.83397472099903,2.02937499833333
"2019-03-29 13:00:00",62.0053959011011,1.89401262215117,2.24025423728814
"2019-03-29 14:00:00",55.8689718538104,2.05281359391003,2.35458333333333
"2019-03-29 15:00:00",137.48968690094,0.914219800554181,1.65317796610169
"2019-03-29 16:00:00",191.389795488215,0.81924234416213,1.35020833166667
"2019-03-29 17:00:00",137.701524093948,1.44427551843746,1.85360169491525
"2019-03-29 18:00:00",143.739420437706,2.96100732979294,3.27733050847458
"2019-03-29 19:00:00",126.118109822644,3.74805388683957,3.97749995
"2019-03-29 20:00:00",126.58658048536,3.12210034423789,3.23922410344828
"2019-03-29 21:00:00",106.565688056636,1.60782877254473,1.77416666666667
"2019-03-29 22:00:00",124.570287009203,2.07188369024278,2.154375
"2019-03-29 23:00:00",122.908395873146,1.5306742665878,1.5775
"2019-03-30 00:00:00",129.297922120597,1.57007176580141,1.60487288135593
"2019-03-30 01:00:00",85.2183066847531,0.962209054820437,1.016875
"2019-03-30 02:00:00",84.4674288183854,0.953340408303412,1.04187499666667
"2019-03-30 03:00:00",83.9602529351276,0.317075240919563,0.326508617241379
"2019-03-30 04:00:00",84.7941886433216,0.588651994127508,0.603333331666667
"2019-03-30 05:00:00",115.908380378164,0.45721870352713,0.48125
"2019-03-30 06:00:00",103.01905596875,0.192020040786077,0.201260504201681
"2019-03-30 08:00:00",125.301878607839,0.0547049239512245,0.0645833333333333
"2019-03-30 09:00:00",122.050364595251,0.0874956204539856,0.0885416666666667
