"timestamp","min","q1","median","mean","q3","max","sum","mode"
"2019-03-01 10:00:00",949.5,949.5,949.5,949.5,949.5,949.5,949.4874,949.4874
"2019-03-01 10:00:00",949.3,949.5,949.7,949.6,949.8,950,56978.1513,0
"2019-03-01 11:00:00",949.8,950,950,950,950.1,950.2,57001.8171,950.0332
"2019-03-01 12:00:00",949.9,950.2,950.2,950.2,950.3,950.5,57014.4845,0
"2019-03-01 13:00:00",949.7,950,950.1,950.1,950.2,950.3,57005.7922,950.1541
"2019-03-01 14:00:00",949.8,949.9,950.1,950,950.1,950.2,57001.367,950.0625
"2019-03-01 15:00:00",949.1,949.3,949.5,949.5,949.7,949.9,56970.9974,0
"2019-03-01 16:00:00",948.6,948.8,948.9,948.9,948.9,949.1,56931.2138,948.8647
"2019-03-01 17:00:00",948,948.3,948.4,948.4,948.5,948.9,56905.5448,0
"2019-03-01 18:00:00",947.9,948.1,948.2,948.2,948.3,948.4,56892.3724,948.264
"2019-03-01 19:00:00",947.7,947.9,948,948,948.1,948.3,56880.9825,947.9526
"2019-03-01 20:00:00",948,948.2,948.3,948.3,948.3,948.6,56896.7242,0
"2019-03-01 21:00:00",948.5,948.8,948.9,948.9,949,949.2,56932.1368,948.9636
"2019-03-01 22:00:00",948.9,949.1,949.3,949.3,949.5,949.8,56956.1294,948.9636
"2019-03-01 23:00:00",949.7,949.8,949.9,949.9,950,950.2,56995.6787,950.0076
"2019-03-02 00:00:00",950.2,950.4,950.5,950.5,950.7,951,57032.1956,950.7512
"2019-03-02 01:00:00",950.7,950.9,951,951,951,951.2,57058.3565,950.9417
"2019-03-02 02:00:00",950.2,950.5,950.6,950.7,950.9,951.1,57041.0338,950.5424
"2019-03-02 03:00:00",949.8,950,950.2,950.2,950.4,950.6,57012.4443,0
"2019-03-02 04:00:00",949.4,949.7,949.8,949.8,949.9,950,56986.7483,0
"2019-03-02 05:00:00",948.9,949,949.1,949.2,949.3,949.6,56949.9066,0
"2019-03-02 06:00:00",948.8,949.1,949.1,949.1,949.3,949.5,56948.8849,0
"2019-03-02 07:00:00",948.9,949,949.1,949.1,949.2,949.4,56947.5848,0
"2019-03-02 08:00:00",949,949.3,949.4,949.4,949.5,949.6,56963.0677,0
"2019-03-02 09:00:00",949.3,949.5,949.7,949.8,950,950.1,56985.0667,0
"2019-03-02 10:00:00",949.9,950.1,950.5,950.4,950.6,950.7,57024.5689,0
"2019-03-02 11:00:00",950.7,950.9,951,951,951.1,951.2,57059.3025,0
"2019-03-02 12:00:00",950.8,951.1,951.1,951.1,951.2,951.3,57068.8557,951.1322
"2019-03-02 13:00:00",950.9,951.1,951.1,951.1,951.2,951.3,57066.8445,0
"2019-03-02 14:00:00",950.2,950.7,950.9,950.8,951,951.1,57049.8805,950.9233
"2019-03-02 15:00:00",949.7,950,950.1,950.2,950.4,950.6,57010.7554,950.0515
"2019-03-02 16:00:00",948.9,949.2,949.4,949.4,949.6,949.8,56964.3163,0
"2019-03-02 17:00:00",948.3,948.7,948.8,948.9,949,949.5,56931.7236,0
"2019-03-02 18:00:00",947.8,948.1,948.4,948.3,948.5,948.8,56898.2467,0
"2019-03-02 19:00:00",947.9,948.1,948.2,948.2,948.4,948.5,56894.2438,948.3629
"2019-03-02 20:00:00",948.2,948.3,948.4,948.3,948.4,948.4,56900.9622,0
"2019-03-02 21:00:00",948.1,948.3,948.3,948.3,948.4,948.5,55951.1634,948.308
"2019-03-02 22:00:00",948.4,948.7,948.9,949,949.2,949.6,56937.0676,948.8208
"2019-03-02 23:00:00",949.5,949.6,949.7,949.7,949.9,950.1,56984.4252,0
"2019-03-03 00:00:00",950.1,950.5,950.6,950.5,950.6,950.8,57032.3523,950.6486
"2019-03-03 01:00:00",950.1,950.4,950.6,950.6,950.7,950.9,57033.1516,950.6926
"2019-03-03 02:00:00",950,950.4,950.5,950.4,950.5,950.6,57025.5977,0
"2019-03-03 03:00:00",949.7,950,950.1,950.2,950.2,950.6,57009.3044,950.0332
"2019-03-03 04:00:00",949.4,949.5,949.6,949.6,949.8,950.1,56978.6855,949.4435
"2019-03-03 05:00:00",948.7,949,949.1,949.1,949.3,949.5,56947.8073,948.9819
"2019-03-03 06:00:00",948.3,948.8,948.9,948.9,949,949.2,56932.3499,948.9929
"2019-03-03 07:00:00",948.7,948.9,949.1,949.1,949.2,949.5,56944.1116,949.1431
"2019-03-03 08:00:00",949.2,949.4,949.4,949.4,949.5,949.6,56965.6491,949.4032
"2019-03-03 09:00:00",949.5,949.8,949.9,949.9,950,950.2,56994.2277,949.8867
"2019-03-03 10:00:00",950.1,950.2,950.3,950.4,950.5,950.6,57021.0967,0
"2019-03-03 11:00:00",950.4,950.7,950.8,950.8,951,951.2,57049.0163,0
"2019-03-03 12:00:00",950.8,951.1,951.1,951.1,951.2,951.2,57066.8116,951.1028
"2019-03-03 13:00:00",950.9,951,951,951,951.1,951.2,57061.3531,0
"2019-03-03 14:00:00",950.4,950.5,950.7,950.7,950.8,951,57042.862,0
"2019-03-03 15:00:00",949.4,949.7,950.1,950,950.3,950.6,56999.6675,0
"2019-03-03 16:00:00",948.7,949.2,949.3,949.3,949.4,949.5,56956.0132,949.3336
"2019-03-03 17:00:00",948.4,948.5,948.7,948.7,948.8,948.9,56920.3938,0
"2019-03-03 18:00:00",948.1,948.3,948.4,948.4,948.5,948.8,56904.7818,948.3629
"2019-03-03 19:00:00",947.7,948.1,948.3,948.3,948.4,948.8,56896.4301,0
"2019-03-03 20:00:00",948.6,948.8,948.8,948.9,949,949.2,56932.3423,0
"2019-03-03 21:00:00",949,949.3,949.4,949.4,949.5,949.9,56964.1077,949.4984
"2019-03-03 22:00:00",949.8,950.1,950.4,950.4,950.7,950.9,57022.8917,950.0076
"2019-03-03 23:00:00",950.5,951,951.2,951.4,951.9,952.2,57083.6434,0
"2019-03-04 00:00:00",952,952.1,952.2,952.2,952.2,952.4,57131.2627,952.1871
"2019-03-04 01:00:00",951.6,951.8,951.9,951.9,952.1,952.2,57115.4274,951.8647
"2019-03-04 02:00:00",951.4,951.7,951.8,951.8,951.9,952,57108.1233,951.8794
"2019-03-04 03:00:00",951,951.2,951.3,951.3,951.4,951.7,57079.4493,951.2494
"2019-03-04 04:00:00",950,950.2,950.5,950.5,950.8,951.1,57030.0451,950.9636
"2019-03-04 05:00:00",949.4,949.7,949.9,949.9,950,950.2,56991.9056,950.0771
"2019-03-04 06:00:00",948.7,948.9,949.1,949.1,949.2,949.5,56945.8703,949.4581
"2019-03-04 07:00:00",947.6,947.8,948.2,948.2,948.6,949,56893.068,0
"2019-03-04 08:00:00",948.1,948.6,949,949,949.4,950.1,56939.5223,0
"2019-03-04 09:00:00",949.9,950.1,950.2,950.3,950.5,950.9,57019.5654,0
"2019-03-04 10:00:00",950.8,951.2,951.3,951.4,951.6,952,57084.621,951.297
"2019-03-04 11:00:00",951.8,952.4,952.6,952.5,952.7,952.8,57150.6309,952.6412
"2019-03-04 12:00:00",952.3,952.6,952.6,952.7,952.7,952.9,57159.5064,0
"2019-03-04 13:00:00",952.2,952.6,952.6,952.6,952.7,952.7,57156.2722,0
"2019-03-04 14:00:00",952.6,952.6,952.7,952.7,952.7,952.7,57159.3559,952.6559
"2019-03-04 15:00:00",952.1,952.3,952.4,952.4,952.5,952.8,57144.2799,952.3519
"2019-03-04 16:00:00",951.5,951.7,951.8,951.8,951.9,952.3,57110.332,951.8794
"2019-03-04 17:00:00",950.9,951.1,951.2,951.2,951.4,951.6,57072.5002,951.0552
"2019-03-04 18:00:00",949.9,950.4,950.6,950.6,950.8,951,57036.0234,0
"2019-03-04 19:00:00",950,950,950.1,950.1,950.1,950.3,57005.4764,950.0955
"2019-03-04 20:00:00",949.9,950,950.1,950.1,950.2,950.3,57006.5979,0
"2019-03-04 21:00:00",950.2,950.4,950.7,950.7,951.1,951.3,57042.5546,0
"2019-03-04 22:00:00",951.1,951.4,951.7,951.7,952,952.1,57099.3283,952.0076
"2019-03-04 23:00:00",951.7,952.2,952.4,952.4,952.7,952.9,57144.5913,952.1724
"2019-03-05 00:00:00",952.7,953,953.1,953,953.1,953.2,57182.1765,0
"2019-03-05 01:00:00",952.9,953.2,953.3,953.3,953.3,953.5,57196.5855,953.2311
"2019-03-05 02:00:00",953.1,953.2,953.3,953.3,953.4,953.5,57198.043,953.3007
"2019-03-05 03:00:00",952.6,952.9,953.1,953,953.1,953.3,57181.4997,953.1138
"2019-03-05 04:00:00",952.5,952.6,952.6,952.7,952.7,952.9,57159.4772,952.645
"2019-03-05 05:00:00",951.8,952.1,952.2,952.2,952.4,952.6,57133.0022,952.3336
"2019-03-05 06:00:00",951.3,951.7,951.7,951.7,951.8,951.8,57101.4755,951.7329
"2019-03-05 07:00:00",951.3,951.5,951.6,951.6,951.7,951.8,57097.3321,0
"2019-03-05 08:00:00",951.6,951.9,952,952,952.2,952.3,57121.8263,0
"2019-03-05 09:00:00",952,952.3,952.4,952.4,952.6,952.8,57145.0489,0
"2019-03-05 10:00:00",952.6,952.9,953,953,953.1,953.3,57180.8218,953.1028
"2019-03-05 11:00:00",953.3,953.6,953.7,953.6,953.7,953.9,57217.7899,953.6963
"2019-03-05 12:00:00",953.2,953.6,953.6,953.6,953.7,953.8,57218.1043,0
"2019-03-05 13:00:00",953,953.4,953.5,953.5,953.6,953.8,57209.1807,0
"2019-03-05 14:00:00",952.6,952.7,952.9,953,953.2,953.4,57177.3644,0
"2019-03-05 15:00:00",951.5,951.8,952.1,952.1,952.4,952.7,57125.4753,0
"2019-03-05 16:00:00",951,951.3,951.4,951.4,951.5,951.7,57083.5222,0
"2019-03-05 17:00:00",950.2,950.5,950.6,950.7,950.8,951.2,57041.2465,0
"2019-03-05 18:00:00",949.9,950.1,950.2,950.2,950.2,950.4,57010.1403,0
"2019-03-05 19:00:00",949.8,950,950.1,950.1,950.1,950.6,57005.0374,0
"2019-03-05 20:00:00",950.2,950.5,950.5,950.5,950.6,950.9,57031.1175,950.5021
"2019-03-05 21:00:00",950.4,950.6,950.7,950.7,950.7,950.8,57039.5436,950.6779
"2019-03-05 22:00:00",950.5,950.8,950.9,950.9,951,951.3,57056.14,950.8281
"2019-03-05 23:00:00",951.1,951.3,952,951.9,952.3,952.7,57113.6358,0
"2019-03-06 00:00:00",952.6,952.8,953,953,953.2,953.4,57179.5696,953.2421
"2019-03-06 01:00:00",953.1,953.2,953.3,953.3,953.3,953.4,57195.5603,953.3007
"2019-03-06 02:00:00",952.9,953.1,953.2,953.2,953.2,953.3,57189.2576,953.2457
"2019-03-06 03:00:00",952.4,952.5,952.6,952.6,952.7,953,57157.8692,952.645
"2019-03-06 04:00:00",951.8,952.2,952.2,952.2,952.4,952.5,57134.9511,0
"2019-03-06 05:00:00",951.3,951.5,951.6,951.6,951.7,952,57097.6391,0
"2019-03-06 06:00:00",951.3,951.5,951.6,951.5,951.6,951.7,57092.5185,951.5754
"2019-03-06 07:00:00",951.3,951.5,951.6,951.5,951.6,951.7,57092.7022,951.5278
"2019-03-06 08:00:00",951.6,951.7,951.8,951.8,951.9,952.1,57110.8707,0
"2019-03-06 09:00:00",951.6,952,952.2,952.2,952.4,952.5,57130.9287,0
"2019-03-06 10:00:00",952.2,952.6,952.9,952.9,953.1,953.3,57171.1111,952.5021
"2019-03-06 11:00:00",953.1,953.3,953.4,953.4,953.4,953.5,57202.5512,0
"2019-03-06 12:00:00",953.1,953.3,953.3,953.3,953.4,953.5,57200.4089,953.2457
"2019-03-06 13:00:00",952.6,952.9,953.1,953,953.2,953.3,57182.5545,0
"2019-03-06 14:00:00",951.6,952.2,952.4,952.4,952.6,952.8,56188.7673,0
"2019-03-06 15:00:00",951,951.2,951.5,951.5,951.6,952,57087.6981,0
"2019-03-06 16:00:00",949.8,950.1,950.4,950.4,950.6,951,57022.4079,0
"2019-03-06 17:00:00",949.4,949.5,949.6,949.6,949.6,950,56974.9742,949.5643
"2019-03-06 18:00:00",948.1,948.7,948.9,948.9,949,949.5,56932.5869,0
"2019-03-06 19:00:00",948.2,948.3,948.4,948.4,948.5,949,56906.379,0
"2019-03-06 20:00:00",948.5,948.7,948.8,948.8,948.9,948.9,56926.046,948.8647
"2019-03-06 21:00:00",949,949.3,949.4,949.6,949.8,950.2,56973.0891,949.3922
"2019-03-06 22:00:00",950.1,950.3,950.5,950.5,950.7,950.9,57029.6168,0
"2019-03-06 23:00:00",950.7,950.9,951.1,951,951.2,951.3,57062.3678,950.9746
"2019-03-07 00:00:00",951.2,951.5,951.6,951.6,951.8,951.9,57097.7423,0
"2019-03-07 01:00:00",951.7,951.9,952,952,952.1,952.2,57118.61,0
"2019-03-07 02:00:00",951.9,952.1,952.1,952.1,952.2,952.3,57127.4563,0
"2019-03-07 03:00:00",951.3,951.6,951.8,951.7,951.9,952.1,57104.4601,0
"2019-03-07 04:00:00",951,951.1,951.1,951.2,951.3,951.6,57072.6538,951.1065
"2019-03-07 05:00:00",950.4,950.6,950.7,950.7,950.8,951.1,57043.6611,0
"2019-03-07 06:00:00",950.4,950.5,950.5,950.6,950.6,950.7,57033.0085,950.5461
"2019-03-07 07:00:00",950.4,950.6,950.8,950.7,950.8,951.1,57044.6686,0
"2019-03-07 08:00:00",950.7,951,951.1,951.1,951.1,951.3,57063.1702,0
"2019-03-07 09:00:00",951.1,951.4,951.5,951.5,951.6,951.8,57091.6576,0
"2019-03-07 10:00:00",951.6,951.8,952.1,952.1,952.3,952.5,57124.8197,0
"2019-03-07 11:00:00",952.4,952.6,952.7,952.8,952.9,953.2,57166.1621,952.4984
"2019-03-07 12:00:00",952.9,953.1,953.1,953.1,953.2,953.4,57187.7999,0
"2019-03-07 13:00:00",953,953.1,953.2,953.2,953.3,953.4,57192.1302,953.3153
"2019-03-07 14:00:00",952.3,952.6,952.7,952.7,952.8,953.1,57163.1991,0
"2019-03-07 15:00:00",951,951.5,951.8,951.8,952.2,952.5,57108.9213,951.6047
"2019-03-07 16:00:00",949.6,950.1,950.6,950.5,950.9,951.2,57029.2172,950.0771
"2019-03-07 17:00:00",949.5,949.7,949.9,949.9,950.1,950.2,56992.2163,950.0992
"2019-03-07 18:00:00",949.1,949.5,949.7,949.7,950,950.2,56983.9746,0
"2019-03-07 19:00:00",949.5,949.7,950,950,950.2,950.6,56999.2722,950.0442
"2019-03-07 20:00:00",950.1,950.3,950.5,950.4,950.5,950.7,57025.9018,0
"2019-03-07 21:00:00",950.5,950.8,951,950.9,951.1,951.2,57055.5031,950.9856
"2019-03-07 22:00:00",950.6,950.9,951,951,951.2,951.4,57062.9903,950.9893
"2019-03-07 23:00:00",951.1,951.4,951.9,951.8,952.2,952.5,57110.1853,952.1761
"2019-03-08 00:00:00",952.2,952.4,952.5,952.5,952.5,952.7,57147.5103,0
"2019-03-08 01:00:00",952.2,952.3,952.4,952.4,952.5,952.6,57144.6314,952.3483
"2019-03-08 02:00:00",952,952.3,952.5,952.4,952.6,952.7,57146.8474,0
"2019-03-08 03:00:00",951.4,951.6,951.8,951.8,952,952.1,57107.7094,951.7476
"2019-03-08 04:00:00",950.8,951,951.2,951.2,951.3,951.5,57069.7449,950.8977
"2019-03-08 05:00:00",950.4,950.5,950.6,950.6,950.7,951,57037.1947,950.5204
"2019-03-08 06:00:00",949.8,950,950.1,950.2,950.4,950.6,57012.0448,950.5314
"2019-03-08 07:00:00",949.6,949.8,949.9,949.8,949.9,950.1,56990.0634,949.8721
"2019-03-08 08:00:00",949.7,950,950.2,950.2,950.5,950.6,57013.9167,0
"2019-03-08 09:00:00",950.4,950.8,950.9,950.9,951,951.2,57051.6167,0
"2019-03-08 10:00:00",950.7,951.3,951.7,951.7,952,952.3,57099.4967,951.9819
"2019-03-08 11:00:00",952,952.2,952.2,952.2,952.2,952.5,57132.739,952.1871
"2019-03-08 12:00:00",952,952.2,952.2,952.2,952.2,952.4,57130.9625,952.2054
"2019-03-08 13:00:00",951.3,951.6,951.7,951.7,951.9,952.1,57104.1999,0
"2019-03-08 14:00:00",950.4,950.8,951,951,951.1,951.4,57057.28,951.1322
"2019-03-08 15:00:00",949.9,950,950.2,950.2,950.5,950.6,57014.0518,0
"2019-03-08 16:00:00",949,949.3,949.5,949.5,949.5,949.9,56967.0126,0
"2019-03-08 17:00:00",948.2,948.8,949,948.9,949.2,949.4,56936.9438,948.8794
"2019-03-08 18:00:00",948.1,948.3,948.3,948.3,948.4,948.5,56899.7973,948.3446
"2019-03-08 19:00:00",947.7,947.9,948.1,948.1,948.3,948.4,56884.1967,948.2494
"2019-03-08 20:00:00",947.9,948.1,948.2,948.2,948.4,948.5,56892.4447,948.3959
"2019-03-08 21:00:00",948.3,948.4,948.5,948.5,948.5,948.8,56910.0087,948.546
"2019-03-08 22:00:00",948.5,948.8,949,949.1,949.3,949.5,56943.3208,948.8391
"2019-03-08 23:00:00",949.4,950,950.2,950.2,950.5,950.9,57013.4444,0
"2019-03-09 00:00:00",950.6,951.1,951.1,951.1,951.1,951.3,57065.4447,951.1468
"2019-03-09 01:00:00",951,951.1,951.2,951.2,951.3,951.5,57071.9471,0
"2019-03-09 02:00:00",950.8,951.1,951.1,951.1,951.2,951.3,57068.2111,0
"2019-03-09 03:00:00",951,951.1,951.1,951.1,951.2,951.3,57068.4748,951.1468
"2019-03-09 04:00:00",950.4,950.7,951,950.9,951.1,951.2,57054.5072,0
"2019-03-09 05:00:00",950.1,950.3,950.5,950.5,950.6,950.8,57027.4113,0
"2019-03-09 06:00:00",949.8,950,950,950,950.1,950.2,57000.729,949.9746
"2019-03-09 07:00:00",949.9,950,950.1,950.1,950.2,950.4,57005.8249,950.0039
"2019-03-09 08:00:00",949.9,950,950.1,950.1,950.1,950.3,57004.5426,0
"2019-03-09 09:00:00",949.9,950.2,950.3,950.4,950.5,950.8,57023.1254,0
"2019-03-09 10:00:00",950.4,950.7,950.9,950.9,951,951.2,57052.0458,0
"2019-03-09 11:00:00",950.8,951.1,951.2,951.2,951.3,951.4,57071.5302,0
"2019-03-09 12:00:00",950.5,951.1,951.2,951.1,951.3,951.4,57068.3614,0
"2019-03-09 13:00:00",950.2,950.4,950.5,950.6,950.7,950.9,57033.1114,950.4105
"2019-03-09 14:00:00",949.8,950.1,950.3,950.2,950.4,950.5,57014.3387,950.4069
"2019-03-09 15:00:00",948.8,949.1,949.3,949.3,949.5,950,56960.1489,0
"2019-03-09 16:00:00",947.9,948.2,948.4,948.4,948.6,948.9,56905.5734,948.4142
"2019-03-09 17:00:00",947.1,947.4,947.6,947.6,947.8,948.1,56854.69,947.6743
"2019-03-09 18:00:00",946.2,946.7,946.7,946.8,946.9,947.2,56807.3449,947.0808
"2019-03-09 19:00:00",945.9,946.3,946.4,946.4,946.6,946.7,56784.2799,946.568
"2019-03-09 20:00:00",946.3,946.6,946.6,946.6,946.7,946.8,56796.7,0
"2019-03-09 21:00:00",946.5,946.9,947.2,947.2,947.6,947.8,55886.0849,0
"2019-03-09 22:00:00",947.5,947.8,948.1,948,948.2,948.4,54036.5178,948.1395
"2019-03-09 23:00:00",948.3,948.8,948.9,949,949.3,949.5,56939.7493,0
"2019-03-10 00:00:00",949.2,949.6,949.8,949.7,949.9,950,56982.9755,0
"2019-03-10 01:00:00",949.7,949.9,950,950,950.1,950.2,56999.6455,949.9453
"2019-03-10 02:00:00",949.7,949.7,949.9,949.9,950,950.2,56993.2462,0
"2019-03-10 03:00:00",949.2,949.4,949.5,949.6,949.7,949.9,56973.829,0
"2019-03-10 04:00:00",949,949.3,949.4,949.4,949.5,949.6,56962.3683,0
"2019-03-10 05:00:00",949,949.1,949.1,949.2,949.2,949.4,56949.1599,949.0955
"2019-03-10 06:00:00",949,949.2,949.3,949.3,949.3,949.5,56956.223,0
"2019-03-10 07:00:00",949.3,949.4,949.5,949.5,949.5,949.6,56967.8943,0
"2019-03-10 08:00:00",949.2,949.5,949.6,949.6,949.7,949.8,56974.3626,949.5643
"2019-03-10 09:00:00",949.6,950,950,950,950.1,950.2,56999.9967,0
"2019-03-10 10:00:00",949.9,950.4,950.5,950.4,950.5,950.6,57025.8432,0
"2019-03-10 11:00:00",950.4,950.5,950.6,950.6,950.7,951,57037.3639,0
"2019-03-10 12:00:00",950.5,950.8,950.8,950.8,950.8,951,57048.9146,950.8428
"2019-03-10 13:00:00",950.4,950.6,950.7,950.7,950.8,950.9,57040.3531,0
"2019-03-10 14:00:00",950,950.3,950.5,950.4,950.5,950.6,57024.0669,0
"2019-03-10 15:00:00",948.8,949.3,949.6,949.6,949.9,950.2,56974.4662,0
"2019-03-10 16:00:00",948.3,948.6,948.7,948.7,948.9,949.1,56923.7748,0
"2019-03-10 17:00:00",947.8,948.1,948.2,948.2,948.3,948.4,56891.8728,948.0881
"2019-03-10 18:00:00",947.7,947.9,948.1,948.1,948.3,948.5,56885.5812,0
"2019-03-10 19:00:00",948.3,948.5,948.6,948.6,948.7,948.9,56916.8518,948.5607
"2019-03-10 20:00:00",948.7,948.9,949.2,949.1,949.3,949.5,56948.3577,0
"2019-03-10 21:00:00",949.1,949.5,949.6,949.6,949.8,950,56978.8034,949.9014
"2019-03-10 22:00:00",949.5,950,950,950,950.1,950.2,56997.9892,0
"2019-03-10 23:00:00",949.9,950.5,950.7,950.7,951,951.3,57040.4809,0
"2019-03-11 00:00:00",951.2,951.5,951.6,951.5,951.6,951.7,57092.2551,951.6047
"2019-03-11 01:00:00",951.2,951.4,951.5,951.5,951.6,951.8,57091.6138,951.5168
"2019-03-11 02:00:00",951.1,951.2,951.4,951.3,951.4,951.6,57079.0823,951.0699
"2019-03-11 03:00:00",950.6,950.8,951,951,951.1,951.3,57057.112,951.1175
"2019-03-11 04:00:00",949.9,950.1,950.2,950.3,950.5,950.8,57017.0299,0
"2019-03-11 05:00:00",948.8,949.4,949.8,949.7,950,950.2,56979.404,950.0039
"2019-03-11 06:00:00",948.9,949.2,949.3,949.3,949.4,949.5,56957.4746,949.3849
"2019-03-11 07:00:00",948.9,949.1,949.1,949.2,949.2,949.4,56949.4606,949.1248
"2019-03-11 08:00:00",949.1,949.3,949.4,949.5,949.6,949.9,56967.4452,949.275
"2019-03-11 09:00:00",949.8,950.1,950.3,950.3,950.5,950.8,57019.7558,950.3409
"2019-03-11 10:00:00",950.5,951.1,951.4,951.4,951.6,952.2,57084.1891,951.5424
"2019-03-11 11:00:00",951.9,952.2,952.2,952.3,952.5,952.7,57138.3027,952.4655
"2019-03-11 12:00:00",952.5,952.6,952.7,952.7,952.8,953,57163.9973,0
"2019-03-11 13:00:00",951.7,952.3,952.7,952.6,952.9,953,57155.6457,952.938
"2019-03-11 14:00:00",951.3,951.5,951.6,951.6,951.7,951.8,57096.6104,951.7659
"2019-03-11 15:00:00",950.7,951.1,951.4,951.3,951.6,951.7,57080.7351,951.623
"2019-03-11 16:00:00",950.2,950.4,950.5,950.5,950.6,951,57031.9975,0
"2019-03-11 17:00:00",950.1,950.3,950.4,950.4,950.5,950.6,57024.1075,950.3885
"2019-03-11 18:00:00",949.9,950,950.1,950.2,950.2,950.5,57009.3926,950.1834
"2019-03-11 19:00:00",949.4,949.9,950,950,950.1,950.4,57001.0959,950.1944
"2019-03-11 20:00:00",949.3,949.5,949.6,949.7,950,950.1,56982.2864,949.4032
"2019-03-11 21:00:00",949.9,950.1,950.2,950.2,950.2,950.4,57010.6347,0
"2019-03-11 22:00:00",949.9,950.3,950.5,950.5,950.8,951.1,57032.4158,0
"2019-03-11 23:00:00",950.9,951.1,951.4,951.3,951.5,951.7,57080.0685,951.5571
"2019-03-12 00:00:00",950.9,951.2,951.3,951.3,951.5,951.6,57079.266,0
"2019-03-12 01:00:00",951,951.1,951.4,951.3,951.4,951.6,57079.0861,951.4545
"2019-03-12 02:00:00",951.3,951.5,951.6,951.6,951.6,951.8,57093.6614,951.623
"2019-03-12 03:00:00",951.2,951.5,951.7,951.6,951.7,951.9,57097.2814,951.7
"2019-03-12 04:00:00",950.5,950.8,951,951,951.1,951.2,57057.3977,951.1651
"2019-03-12 05:00:00",949.4,949.8,950,950,950.3,950.6,57000.5908,0
"2019-03-12 06:00:00",948.4,948.8,948.9,948.9,949,949.5,56935.804,0
"2019-03-12 07:00:00",948.6,948.8,949,949,949.3,949.6,56941.0934,0
"2019-03-12 08:00:00",949.4,949.5,949.6,949.6,949.7,950,56977.0704,0
"2019-03-12 09:00:00",949.8,950,950.1,950,950.1,950.4,57002.5171,0
"2019-03-12 10:00:00",950.3,950.6,950.8,950.8,951,951.2,57048.6644,0
"2019-03-12 11:00:00",951.1,951.2,951.3,951.3,951.4,951.5,57077.9546,0
"2019-03-12 12:00:00",951.1,951.4,951.4,951.4,951.5,951.5,57083.7447,951.4398
"2019-03-12 13:00:00",950.9,951.1,951.1,951.1,951.2,951.4,57066.6467,0
"2019-03-12 14:00:00",950.2,950.4,950.6,950.6,950.7,951,57034.7521,0
"2019-03-12 15:00:00",949.5,949.8,950,950,950.1,950.3,56997.338,950.1981
"2019-03-12 16:00:00",948.3,948.8,949,949.1,949.4,949.6,56943.1628,0
"2019-03-12 17:00:00",947.6,947.8,947.8,947.9,948.1,948.4,56876.5404,947.7915
"2019-03-12 18:00:00",946.8,947.3,947.3,947.3,947.4,947.7,56840.086,947.3409
"2019-03-12 19:00:00",946.5,946.8,947.1,947,947.2,947.3,56819.6966,0
"2019-03-12 20:00:00",946.5,946.7,946.7,946.7,946.8,947,56804.0261,946.6816
"2019-03-12 21:00:00",946.9,947.3,947.6,947.5,947.8,947.9,56852.8667,947.4362
"2019-03-12 22:00:00",947.8,948.2,948.5,948.5,948.8,949,56908.3243,0
"2019-03-12 23:00:00",949,949.2,949.4,949.3,949.5,949.6,56960.4081,0
"2019-03-13 00:00:00",949.2,949.5,949.8,949.7,949.9,950.1,56984.7556,0
"2019-03-13 01:00:00",949.9,950,950,950,950.1,950.1,57001.6593,950.0039
"2019-03-13 02:00:00",949.2,949.5,949.6,949.6,949.7,950.1,56976.4328,949.4801
"2019-03-13 03:00:00",948.8,949.1,949.2,949.2,949.4,949.6,56954.5116,0
"2019-03-13 04:00:00",948.6,948.8,949,949,949.1,949.2,56938.9545,949.1212
"2019-03-13 05:00:00",948.4,948.6,948.7,948.7,948.8,948.9,56920.614,948.8025
"2019-03-13 06:00:00",948.1,948.3,948.4,948.4,948.4,948.6,56901.9618,948.3629
"2019-03-13 07:00:00",948.3,948.5,948.6,948.6,948.7,948.9,56914.8073,0
"2019-03-13 08:00:00",948.5,948.8,948.8,948.8,948.9,948.9,56928.4601,948.8171
"2019-03-13 09:00:00",948.8,948.8,949.2,949.1,949.4,949.6,56947.8226,0
"2019-03-13 10:00:00",949.2,949.5,949.5,949.5,949.6,949.8,56972.1171,949.568
"2019-03-13 11:00:00",949.4,949.7,949.7,949.7,949.8,950,56984.5172,949.9343
"2019-03-13 12:00:00",949.2,949.5,949.5,949.5,949.6,949.7,56970.5789,949.4801
"2019-03-13 13:00:00",949.2,949.4,949.5,949.5,949.5,949.6,56967.748,949.4948
"2019-03-13 14:00:00",948.5,948.7,948.9,948.9,949,949.3,56932.3321,0
"2019-03-13 15:00:00",947.7,948.1,948.3,948.2,948.4,948.6,56894.0013,948.3885
"2019-03-13 16:00:00",946.4,946.9,947.3,947.2,947.6,947.9,56833.2763,946.6962
"2019-03-13 17:00:00",946.2,946.5,946.7,946.7,947,947.4,56804.1544,0
"2019-03-13 18:00:00",945.5,945.6,945.7,945.9,946.2,946.8,56755.4818,0
"2019-03-13 19:00:00",945.2,945.5,945.5,945.5,945.6,945.7,56732.6023,945.4655
"2019-03-13 20:00:00",945.3,945.6,945.6,945.6,945.7,945.8,56736.4349,945.656
"2019-03-13 21:00:00",945.5,945.9,946.2,946.2,946.3,946.7,56769.9693,0
"2019-03-13 22:00:00",946.6,946.8,947.1,947.1,947.3,947.8,56826.6496,946.6816
"2019-03-13 23:00:00",947.6,948,948.2,948.2,948.4,948.4,56889.4665,948.3959
"2019-03-14 00:00:00",947.8,948.1,948.2,948.1,948.2,948.3,56888.5696,948.2457
"2019-03-14 01:00:00",947.7,947.8,947.9,947.9,948,948.2,56876.027,0
"2019-03-14 02:00:00",947.6,947.9,948,948,948.1,948.2,56879.4219,0
"2019-03-14 03:00:00",947.5,947.8,947.8,947.8,947.9,948,56868.9111,0
"2019-03-14 04:00:00",947.6,947.9,947.9,947.9,948,948.1,56876.6274,0
"2019-03-14 05:00:00",946.7,947.1,947.6,947.4,947.7,947.9,56846.4961,947.7622
"2019-03-14 06:00:00",946.7,947.2,947.3,947.3,947.4,947.5,56838.7114,0
"2019-03-14 07:00:00",947.4,947.7,947.8,947.8,947.8,948.1,56865.5044,0
"2019-03-14 08:00:00",947.7,947.9,947.9,947.9,948,948.2,55928.4622,947.8647
"2019-03-14 09:00:00",947.9,948.1,948.1,948.2,948.2,948.3,56889.1737,0
"2019-03-14 10:00:00",947.8,948.2,948.3,948.3,948.4,948.8,56897.8923,0
"2019-03-14 11:00:00",948.5,948.8,949,949.1,949.4,949.6,56946.8802,0
"2019-03-14 12:00:00",949.4,949.7,949.9,949.9,950,950.2,56991.6083,950.0808
"2019-03-14 13:00:00",949.8,949.9,950,950,950.1,950.1,56999.1798,0
"2019-03-14 14:00:00",949.4,949.7,949.9,949.8,949.9,950,56987.638,0
"2019-03-14 15:00:00",948.3,948.7,948.9,948.9,949.3,949.6,56936.2248,948.9709
"2019-03-14 16:00:00",947.1,947.4,947.8,947.7,948.1,948.4,56863.4605,947.3519
"2019-03-14 17:00:00",946.5,946.7,946.7,946.7,946.8,947.1,56804.6569,0
"2019-03-14 18:00:00",945.9,946.1,946.2,946.2,946.3,946.7,56774.0242,946.275
"2019-03-14 19:00:00",945.9,946.2,946.3,946.4,946.6,946.9,56781.6504,946.6522
"2019-03-14 20:00:00",946.8,947,947.3,947.5,948.1,948.2,56849.0342,0
"2019-03-14 21:00:00",947.8,948.1,948.2,948.2,948.3,948.4,56892.0536,948.3922
"2019-03-14 22:00:00",948.1,948.3,948.5,948.5,948.5,948.9,56907.082,0
"2019-03-14 23:00:00",948.6,948.8,948.9,948.9,949.1,949.3,56936.504,0
"2019-03-15 00:00:00",949.1,949.4,949.5,949.5,949.5,949.7,56969.1838,0
"2019-03-15 01:00:00",949.2,949.5,949.5,949.5,949.6,949.8,56971.7911,949.5826
"2019-03-15 02:00:00",949.4,949.5,949.7,949.7,949.8,950,56980.2758,0
"2019-03-15 03:00:00",948.5,948.7,948.8,948.9,949.1,949.4,56935.3026,0
"2019-03-15 04:00:00",948.2,948.4,948.4,948.5,948.6,948.7,56907.7126,948.3776
"2019-03-15 05:00:00",947.3,947.8,948.1,948.1,948.3,948.4,56884.3319,0
"2019-03-15 06:00:00",947.3,947.6,947.6,947.6,947.7,947.9,56857.9353,0
"2019-03-15 07:00:00",946.9,947.3,947.3,947.3,947.3,947.7,56838.8702,947.2933
"2019-03-15 08:00:00",947.2,947.4,947.6,947.6,947.8,948,56855.3754,0
"2019-03-15 09:00:00",947.8,948.3,948.4,948.4,948.6,949,56904.9393,948.3629
"2019-03-15 10:00:00",948.7,949.2,949.7,949.6,950,950.2,56974.4186,949.8904
"2019-03-15 11:00:00",950.2,950.3,950.5,950.4,950.5,950.7,57025.8733,950.5461
"2019-03-15 12:00:00",950.4,950.6,950.7,950.7,950.7,950.9,57041.1884,950.7255
"2019-03-15 13:00:00",950.2,950.5,950.5,950.5,950.6,950.7,56080.2563,950.5607
"2019-03-15 14:00:00",949.2,949.9,950.1,950.1,950.3,950.6,57005.723,0
"2019-03-15 15:00:00",948.5,948.7,948.9,949,949.2,949.5,55989.3714,948.557
"2019-03-15 16:00:00",947.3,947.8,948,948,948.3,948.6,56879.1699,0
"2019-03-15 17:00:00",946.5,946.9,947.1,947.1,947.3,947.4,56824.2392,0
"2019-03-15 18:00:00",946.6,946.7,946.9,946.9,947.1,947.3,56815.6494,0
"2019-03-15 19:00:00",946.6,947,947.1,947.1,947.2,947.4,56827.1838,946.9929
"2019-03-15 20:00:00",947.2,947.7,947.8,947.9,948.2,948.3,56871.6834,0
"2019-03-15 21:00:00",948.2,948.4,948.6,948.6,948.7,948.9,56914.8042,948.3812
"2019-03-15 22:00:00",948.7,948.9,949.1,949.1,949.4,949.5,56947.8105,0
"2019-03-15 23:00:00",949.4,949.8,950,950,950.2,950.4,56998.8323,0
"2019-03-16 00:00:00",950.1,950.4,950.5,950.5,950.5,950.6,57027.8983,950.535
"2019-03-16 01:00:00",949.9,950.2,950.3,950.3,950.4,950.6,57015.6456,0
"2019-03-16 02:00:00",949.7,949.9,950,950,950,950.2,56998.664,950.0369
"2019-03-16 03:00:00",949.1,949.4,949.5,949.5,949.5,949.8,56968.7916,949.5094
"2019-03-16 04:00:00",948.9,949.3,949.4,949.3,949.5,949.5,56959.7853,0
"2019-03-16 05:00:00",948.4,948.6,948.8,948.8,948.9,949.1,56927.6642,948.9343
"2019-03-16 06:00:00",948.2,948.3,948.4,948.3,948.4,948.5,56900.7748,948.3483
"2019-03-16 07:00:00",948,948.3,948.3,948.3,948.4,948.4,56897.9952,948.3629
"2019-03-16 08:00:00",948.3,948.5,948.7,948.7,948.8,948.9,56919.584,948.7732
"2019-03-16 09:00:00",948.6,948.9,949,949.1,949.3,949.5,56944.8146,0
"2019-03-16 10:00:00",949.4,949.5,949.7,949.7,950,950.1,56984.8576,950.0369
"2019-03-16 11:00:00",949.9,950,950.1,950.1,950.2,950.3,57005.0261,950.0625
"2019-03-16 12:00:00",949.8,950.1,950.2,950.2,950.2,950.4,57010.2067,950.1798
"2019-03-16 13:00:00",949.8,950,950,950,950.1,950.1,57001.1326,0
"2019-03-16 14:00:00",949,949.4,949.5,949.5,949.6,949.9,56970.0927,0
"2019-03-16 15:00:00",947.9,948.2,948.4,948.5,948.9,949.1,56909.921,0
"2019-03-16 16:00:00",947.3,947.5,947.7,947.7,947.9,948.1,56861.3352,947.9417
"2019-03-16 17:00:00",946.7,947,947.2,947.1,947.3,947.4,56828.3681,0
"2019-03-16 18:00:00",947,947.2,947.3,947.3,947.3,947.4,56836.1666,0
"2019-03-16 19:00:00",946.9,947.3,947.3,947.4,947.4,947.8,56842.0311,0
"2019-03-16 20:00:00",947.6,947.7,947.8,947.8,947.8,948,56867.5412,947.7805
"2019-03-16 21:00:00",947.8,948.2,948.4,948.4,948.5,948.8,56901.87,948.4435
"2019-03-16 22:00:00",948.8,948.9,949.2,949.2,949.5,949.8,56951.9613,0
"2019-03-16 23:00:00",949.6,949.9,950,949.9,950.1,950.2,56996.7333,949.9856
"2019-03-17 00:00:00",949.9,950.1,950.4,950.3,950.5,950.7,57018.7371,950.0149
"2019-03-17 01:00:00",950.2,950.6,950.7,950.7,950.8,950.9,57041.5992,0
"2019-03-17 02:00:00",950.2,950.5,950.5,950.5,950.6,950.8,57032.0706,0
"2019-03-17 03:00:00",949.7,949.9,950,950,950.1,950.5,57002.847,950.0515
"2019-03-17 04:00:00",949.1,949.4,949.5,949.5,949.7,949.8,56970.6053,949.4471
"2019-03-17 05:00:00",948.5,948.8,948.8,948.8,948.9,949.2,56930.68,948.8318
"2019-03-17 06:00:00",948,948.3,948.4,948.4,948.5,948.7,56904.8192,948.4215
"2019-03-17 07:00:00",947.7,947.9,948.1,948,948.1,948.3,56882.3781,0
"2019-03-17 08:00:00",947.9,948.3,948.4,948.4,948.5,948.6,56903.5397,0
"2019-03-17 09:00:00",948.2,948.5,948.8,948.7,948.8,949,56922.4086,0
"2019-03-17 10:00:00",948.8,949.1,949.4,949.3,949.5,949.5,56957.4371,0
"2019-03-17 11:00:00",949,949.2,949.3,949.3,949.3,949.5,56955.2118,949.3336
"2019-03-17 12:00:00",948.8,949,949.2,949.1,949.2,949.3,56947.3142,949.1725
"2019-03-17 13:00:00",948.7,949,949.1,949.1,949.2,949.3,56943.141,949.1761
"2019-03-17 14:00:00",948.2,948.4,948.6,948.6,948.8,949,56916.862,948.3812
"2019-03-17 15:00:00",947.2,947.4,947.7,947.7,947.9,948.3,56862.9358,947.7952
"2019-03-17 16:00:00",946.1,946.4,946.7,946.7,947,947.4,56802.448,0
"2019-03-17 17:00:00",945.4,945.5,945.7,945.7,945.9,946.3,56744.1856,945.5314
"2019-03-17 18:00:00",945.1,945.3,945.4,945.4,945.5,945.7,56724.507,0
"2019-03-17 19:00:00",945,945.5,945.6,945.6,945.8,946.1,56738.775,945.6083
"2019-03-17 20:00:00",946.1,946.3,946.4,946.4,946.5,946.8,56784.3609,946.3556
"2019-03-17 21:00:00",946.3,946.9,947.5,947.3,947.7,947.8,56835.5316,0
"2019-03-17 22:00:00",947.6,948,948.3,948.2,948.4,948.5,56890.0126,0
"2019-03-17 23:00:00",948.3,948.6,948.7,948.7,948.8,948.9,56922.5223,948.8611
"2019-03-18 00:00:00",948.5,948.9,949,949,949,949.2,56937.6052,949.0405
"2019-03-18 01:00:00",948.7,948.8,948.9,948.9,948.9,949.1,56932.2067,948.8318
"2019-03-18 02:00:00",948.2,948.5,948.7,948.6,948.7,948.9,56917.9478,0
"2019-03-18 03:00:00",948.3,948.3,948.4,948.4,948.4,948.5,56902.4015,0
"2019-03-18 04:00:00",947.4,947.7,947.9,947.9,948.2,948.4,55928.1556,0
"2019-03-18 05:00:00",946.6,947,947.2,947.1,947.3,947.4,56827.8252,0
"2019-03-18 06:00:00",946.2,946.5,946.6,946.6,946.6,946.8,55847.9445,0
"2019-03-18 07:00:00",946.3,946.5,946.5,946.5,946.6,946.7,55843.941,946.546
"2019-03-18 08:00:00",946.3,946.6,946.6,946.6,946.7,946.8,56796.3989,0
"2019-03-18 09:00:00",946.5,946.8,947.1,947,947.2,947.4,56820.5253,0
"2019-03-18 10:00:00",947.2,947.5,947.6,947.6,947.7,947.8,56854.9615,0
"2019-03-18 11:00:00",947.6,948.2,948.4,948.3,948.5,948.7,56899.2028,948.1174
"2019-03-18 12:00:00",948.5,948.7,948.8,948.8,948.9,948.9,55978.1416,948.8647
"2019-03-18 13:00:00",947.9,948.1,948.3,948.3,948.5,948.7,56899.1627,948.275
"2019-03-18 14:00:00",947.4,947.6,947.7,947.7,947.8,947.9,56862.8594,0
"2019-03-18 15:00:00",946.1,946.5,946.8,946.8,947,947.4,56806.7519,947.0112
"2019-03-18 16:00:00",945,945.4,945.7,945.7,946.1,946.3,56742.1927,0
"2019-03-18 17:00:00",944,944.2,944.4,944.5,944.7,945.3,56668.8471,0
"2019-03-18 18:00:00",943.8,943.9,944.1,944,944.1,944.2,56641.9897,944.0918
"2019-03-18 19:00:00",943.7,944,944.1,944.1,944.1,944.2,55700.0625,0
"2019-03-18 20:00:00",943.8,944,944.1,944.2,944.3,944.5,55704.9198,0
"2019-03-18 21:00:00",944.2,944.5,944.5,944.5,944.6,944.8,56671.66,944.5533
"2019-03-18 22:00:00",944.6,945,945.2,945.2,945.3,945.7,56709.9285,945.2054
"2019-03-18 23:00:00",945.5,946,946.2,946.3,946.6,946.8,56776.3529,0
"2019-03-19 00:00:00",946.4,946.6,946.7,946.7,946.7,946.8,56800.3697,946.7109
"2019-03-19 01:00:00",946.1,946.5,946.6,946.6,946.7,946.8,56795.11,946.6595
"2019-03-19 02:00:00",945.9,946.2,946.2,946.2,946.2,946.3,56771.6628,946.2238
"2019-03-19 03:00:00",945.6,945.9,946,946,946.1,946.3,55813.0137,945.9197
"2019-03-19 04:00:00",945,945.2,945.4,945.4,945.6,945.7,56722.815,0
"2019-03-19 05:00:00",944.5,944.7,945,944.9,945.1,945.3,56696.3026,945.1395
"2019-03-19 06:00:00",944.3,944.6,944.6,944.6,944.7,944.8,56677.4194,944.5387
"2019-03-19 07:00:00",944.3,944.5,944.6,944.6,944.7,944.8,56676.7375,944.59
"2019-03-19 08:00:00",944.6,944.8,944.9,944.9,945.1,945.2,56695.8922,944.8281
"2019-03-19 09:00:00",945.1,945.3,945.5,945.5,945.6,945.8,56727.2985,0
"2019-03-19 10:00:00",945.5,945.7,945.9,945.9,946.1,946.3,56754.559,945.6523
"2019-03-19 11:00:00",946.1,946.2,946.3,946.3,946.4,946.5,56778.8814,0
"2019-03-19 12:00:00",946,946.2,946.3,946.3,946.4,946.5,56779.3828,946.4215
"2019-03-19 13:00:00",945.8,945.9,946,946,946.2,946.3,56762.2478,0
"2019-03-19 14:00:00",944.9,945.4,945.6,945.5,945.7,945.8,56732.3059,0
"2019-03-19 15:00:00",944.2,944.6,944.7,944.8,944.9,945.2,56685.8405,944.623
"2019-03-19 16:00:00",944,944.1,944.2,944.2,944.3,944.5,56653.9537,944.2677
"2019-03-19 17:00:00",943.4,943.5,943.6,943.7,943.8,944.1,56619.4952,0
"2019-03-19 18:00:00",942.8,943.1,943.2,943.2,943.3,943.6,56591.9213,943.1321
"2019-03-19 19:00:00",942.6,942.8,942.9,942.9,942.9,943.1,56571.9213,0
"2019-03-19 20:00:00",942.4,942.7,942.9,942.9,943,943.3,56572.837,0
"2019-03-19 21:00:00",943.3,943.6,944,944,944.3,944.6,56638.8061,0
"2019-03-19 22:00:00",944.5,945,945.5,945.4,945.9,946.4,55780.8324,0
"2019-03-19 23:00:00",946.4,946.7,946.8,946.9,947.2,947.4,56814.9163,946.6595
"2019-03-20 00:00:00",947.2,947.5,947.6,947.5,947.6,947.8,56852.9236,947.6119
"2019-03-20 01:00:00",947.3,947.5,947.6,947.6,947.7,947.8,56855.4221,947.6303
"2019-03-20 02:00:00",947,947.3,947.4,947.4,947.5,947.6,56843.873,0
"2019-03-20 03:00:00",946.8,947.1,947.2,947.2,947.3,947.4,56832.2465,0
"2019-03-20 04:00:00",946.4,946.6,946.7,946.7,946.8,947.3,56804.2351,946.6046
"2019-03-20 05:00:00",945.7,946.1,946.3,946.2,946.4,946.8,56774.1924,0
"2019-03-20 06:00:00",945.3,945.6,945.6,945.7,945.7,945.9,56740.2003,0
"2019-03-20 07:00:00",945.5,945.6,945.6,945.7,945.7,945.9,56739.3978,0
"2019-03-20 08:00:00",945.5,945.7,945.8,945.8,945.9,946,56748.0861,0
"2019-03-20 09:00:00",945.8,946,946.1,946.1,946.2,946.3,56766.948,946.2384
"2019-03-20 10:00:00",946.3,946.5,946.6,946.6,946.7,946.8,56795.3083,0
"2019-03-20 11:00:00",946.5,946.8,946.9,946.9,947.1,947.2,56813.9459,0
"2019-03-20 12:00:00",946.8,947.1,947.2,947.1,947.2,947.4,56828.4658,0
"2019-03-20 13:00:00",947,947.1,947.2,947.2,947.2,947.3,56831.6678,0
"2019-03-20 14:00:00",946.5,946.7,946.9,946.9,947,947.1,56812.9091,0
"2019-03-20 15:00:00",945.7,945.9,946.1,946.1,946.4,946.7,56767.064,946.4508
"2019-03-20 16:00:00",945.1,945.5,945.6,945.6,945.7,945.7,54842.1221,945.6743
"2019-03-20 17:00:00",944.3,944.6,944.7,944.8,945.1,945.3,56686.9978,944.5533
"2019-03-20 18:00:00",943.9,944.1,944.2,944.2,944.2,944.4,56650.0557,944.2054
"2019-03-20 19:00:00",944.1,944.3,944.4,944.4,944.5,944.8,56663.6168,944.2787
"2019-03-20 20:00:00",944.3,944.7,944.9,944.8,945,945.1,56690.7961,0
"2019-03-20 21:00:00",944.9,945.1,945.2,945.3,945.6,945.7,56717.0203,0
"2019-03-20 22:00:00",945.7,946.1,946.2,946.3,946.4,946.9,56776.6026,946.2274
"2019-03-20 23:00:00",947,947.1,947.2,947.2,947.3,947.5,56834.0041,947.165
"2019-03-21 00:00:00",947.5,947.8,947.9,947.9,948,948.1,56873.0306,947.9233
"2019-03-21 01:00:00",947.6,947.8,948,947.9,948.1,948.2,56876.7089,948.1321
"2019-03-21 02:00:00",947.2,947.6,947.7,947.7,947.8,947.8,56859.3606,947.601
"2019-03-21 03:00:00",947.5,947.6,947.6,947.6,947.6,947.7,56857.0745,947.6303
"2019-03-21 04:00:00",946.8,947.3,947.3,947.3,947.4,947.5,56839.1189,947.308
"2019-03-21 05:00:00",946.5,946.7,946.8,946.8,947,947.2,56808.8102,946.6816
"2019-03-21 06:00:00",946.2,946.4,946.6,946.5,946.7,946.8,56791.55,0
"2019-03-21 07:00:00",946,946.2,946.2,946.2,946.3,946.5,56773.7062,0
"2019-03-21 08:00:00",946,946.2,946.2,946.3,946.3,946.6,56775.9224,0
"2019-03-21 09:00:00",946.4,946.7,946.8,946.9,947,947.3,56811.6347,0
"2019-03-21 10:00:00",947.1,947.4,947.6,947.6,947.8,948.1,56856.1558,947.7732
"2019-03-21 11:00:00",948,948.4,948.6,948.5,948.7,948.9,56912.1452,0
"2019-03-21 12:00:00",948.7,948.8,949,949.1,949.3,949.5,56943.416,0
"2019-03-21 13:00:00",949.3,949.5,949.6,949.6,949.7,949.9,56975.1798,949.5863
"2019-03-21 14:00:00",949.3,949.5,949.6,949.6,949.7,949.8,56975.9566,949.7438
"2019-03-21 15:00:00",948.7,948.9,949.1,949.1,949.3,949.5,56946.5736,0
"2019-03-21 16:00:00",948.2,948.4,948.6,948.6,948.7,948.9,56914.7348,0
"2019-03-21 17:00:00",947.8,948.1,948.1,948.1,948.2,948.4,56887.6971,948.0442
"2019-03-21 18:00:00",948,948.1,948.2,948.2,948.3,948.5,56893.9321,0
"2019-03-21 19:00:00",948.2,948.4,948.4,948.4,948.5,948.7,56904.9725,948.3812
"2019-03-21 20:00:00",948.5,948.8,949,949,949.2,949.4,56937.9071,949.1614
"2019-03-21 21:00:00",949.2,949.4,949.4,949.4,949.5,949.7,56965.3632,0
"2019-03-21 22:00:00",949.4,949.8,949.9,949.9,950,950.2,56994.7806,949.9746
"2019-03-21 23:00:00",950.1,950.4,950.6,950.6,950.8,951.2,57037.6279,0
"2019-03-22 00:00:00",951,951.2,951.3,951.3,951.4,951.5,57077.6282,0
"2019-03-22 01:00:00",950.9,951.1,951.1,951.2,951.2,951.4,57070.3722,951.1175
"2019-03-22 02:00:00",950.5,950.8,950.9,950.9,951,951.2,57055.6643,0
"2019-03-22 03:00:00",950.3,950.5,950.5,950.5,950.6,950.7,57031.6163,0
"2019-03-22 04:00:00",949.7,950.1,950.2,950.2,950.5,950.6,57013.9896,950.264
"2019-03-22 05:00:00",949.3,949.8,950,949.9,950,950.1,56994.6266,950.0295
"2019-03-22 06:00:00",949.4,949.6,949.7,949.7,949.7,949.8,56979.253,949.6816
"2019-03-22 07:00:00",949.3,949.6,949.6,949.6,949.7,949.8,56978.1063,949.7109
"2019-03-22 08:00:00",949.4,949.8,950,949.9,950.1,950.2,56996.6235,950.0332
"2019-03-22 09:00:00",949.9,950.2,950.4,950.4,950.5,950.7,57023.5209,0
"2019-03-22 10:00:00",950.7,951.1,951.3,951.3,951.6,951.8,57076.9984,0
"2019-03-22 11:00:00",951.6,951.9,952.1,952,952.2,952.3,57122.5012,0
"2019-03-22 12:00:00",952.1,952.2,952.3,952.3,952.4,952.5,57137.6505,952.3519
"2019-03-22 13:00:00",952.1,952.3,952.4,952.4,952.4,952.6,57142.8921,0
"2019-03-22 14:00:00",951.8,952.1,952.2,952.3,952.5,952.6,57135.9946,0
"2019-03-22 15:00:00",951,951.2,951.5,951.4,951.6,951.9,57084.46,0
"2019-03-22 16:00:00",950.9,951,951.1,951.1,951.2,951.2,57065.4272,951.1322
"2019-03-22 17:00:00",950.5,950.7,950.8,950.8,950.9,951.1,57048.1007,0
"2019-03-22 18:00:00",950.4,950.6,950.7,950.7,950.8,950.9,57042.2731,950.5204
"2019-03-22 19:00:00",950.3,950.6,950.7,950.6,950.7,950.9,57038.1769,0
"2019-03-22 20:00:00",950.7,950.9,951,951,951.1,951.2,57057.9683,0
"2019-03-22 21:00:00",951.1,951.4,951.5,951.5,951.6,951.7,57087.0901,951.5278
"2019-03-22 22:00:00",951.5,951.7,951.9,951.9,952.1,952.2,57111.618,0
"2019-03-22 23:00:00",952.1,952.3,952.4,952.4,952.5,952.7,57144.0487,0
"2019-03-23 00:00:00",952.4,952.7,952.7,952.8,952.9,953.1,57167.3309,952.6633
"2019-03-23 01:00:00",953,953.2,953.2,953.2,953.3,953.4,57192.6401,953.2384
"2019-03-23 02:00:00",952.5,952.8,953,952.9,953.1,953.2,57174.4186,0
"2019-03-23 03:00:00",952.4,952.6,952.6,952.6,952.7,952.9,56205.7762,952.6412
"2019-03-23 04:00:00",951.9,952.1,952.2,952.2,952.3,952.5,57132.6438,952.2128
"2019-03-23 05:00:00",951.3,951.6,951.7,951.7,951.9,952.1,57102.8448,0
"2019-03-23 06:00:00",950.8,951.1,951.2,951.2,951.4,951.6,57073.0642,0
"2019-03-23 07:00:00",950.9,951,951.1,951.1,951.1,951.2,57064.8957,951.0882
"2019-03-23 08:00:00",951.1,951.2,951.4,951.4,951.5,951.7,55179.1884,0
"2019-03-23 09:00:00",951.3,951.6,951.6,951.7,951.8,952.1,57101.6834,951.59
"2019-03-23 10:00:00",951.9,952.2,952.4,952.3,952.4,952.6,56186.8841,0
"2019-03-23 11:00:00",952.4,952.6,952.7,952.6,952.7,952.9,57158.9866,952.6266
"2019-03-23 12:00:00",952.4,952.6,952.7,952.7,952.7,952.9,57159.3343,0
"2019-03-23 13:00:00",952,952.1,952.3,952.3,952.5,952.6,57137.7965,0
"2019-03-23 14:00:00",950.9,951.2,951.5,951.5,951.7,951.9,57088.3281,951.5717
"2019-03-23 15:00:00",950.1,950.4,950.5,950.5,950.7,951.1,57031.4296,0
"2019-03-23 16:00:00",949.2,949.5,949.6,949.7,950,950.2,56981.3856,0
"2019-03-23 17:00:00",948.4,948.8,948.9,948.9,949,949.2,56931.9365,0
"2019-03-23 18:00:00",948.2,948.5,948.5,948.5,948.6,948.8,56911.7847,948.5094
"2019-03-23 19:00:00",948,948.4,948.4,948.4,948.4,948.5,55954.0926,948.3995
"2019-03-23 20:00:00",948.3,948.5,948.5,948.6,948.6,948.8,56913.4848,948.524
"2019-03-23 21:00:00",948.7,948.8,949.1,949.1,949.4,949.5,56948.1554,949.1431
"2019-03-23 22:00:00",949.4,949.6,949.9,949.8,950,950.3,56990.7733,950.0295
"2019-03-23 23:00:00",950.1,950.6,950.9,950.8,951.1,951.2,57050.0162,951.1175
"2019-03-24 00:00:00",951.1,951.4,951.4,951.4,951.6,951.6,57085.8586,0
"2019-03-24 01:00:00",951.3,951.4,951.6,951.5,951.6,951.7,57091.1777,0
"2019-03-24 02:00:00",951.3,951.4,951.4,951.4,951.5,951.6,57086.7341,951.4105
"2019-03-24 03:00:00",951,951.1,951.2,951.2,951.3,951.5,56120.5112,0
"2019-03-24 04:00:00",950.6,950.9,951,951,951.1,951.2,57059.7893,951.1028
"2019-03-24 05:00:00",950.2,950.5,950.6,950.6,950.7,950.8,56085.3049,0
"2019-03-24 06:00:00",950.2,950.4,950.5,950.5,950.5,950.6,57027.6711,0
"2019-03-24 07:00:00",950.1,950.3,950.4,950.4,950.5,950.7,57025.5214,0
"2019-03-24 08:00:00",950.3,950.5,950.5,950.5,950.6,950.8,57032.6567,0
"2019-03-24 09:00:00",950.5,950.8,951,950.9,951.1,951.2,56106.0383,0
"2019-03-24 10:00:00",951,951.4,951.7,951.7,951.9,952.2,57101.0684,951.5864
"2019-03-24 11:00:00",952,952.1,952.2,952.2,952.2,952.3,57129.9555,0
"2019-03-24 12:00:00",952.1,952.2,952.2,952.2,952.2,952.3,57132.2191,952.1908
"2019-03-24 13:00:00",951.9,952,952.1,952.1,952.2,952.3,57127.226,952.0589
"2019-03-24 14:00:00",951.3,951.5,951.6,951.7,951.9,952.1,56148.9839,951.8721
"2019-03-24 15:00:00",950.2,950.5,950.8,950.8,951.1,951.4,56098.4444,0
"2019-03-24 16:00:00",949.4,949.7,949.9,949.9,950.1,950.3,55092.8425,950.1028
"2019-03-24 17:00:00",948.8,948.9,949,949.1,949.3,949.5,55047.1297,948.8794
"2019-03-24 18:00:00",948.2,948.4,948.5,948.5,948.5,948.7,55011.2279,948.3959
"2019-03-24 19:00:00",948.2,948.3,948.4,948.4,948.4,948.5,55954.0927,0
"2019-03-24 20:00:00",948.2,948.3,948.4,948.4,948.4,948.6,55954.5622,948.3629
"2019-03-24 21:00:00",948.5,948.9,949,949,949.2,949.5,55043.0968,0
"2019-03-24 22:00:00",949.2,949.4,949.5,949.5,949.6,949.8,55071.901,0
"2019-03-24 23:00:00",949.7,950,950.1,950.1,950.2,950.4,56053.693,949.8428
"2019-03-25 00:00:00",950.3,950.5,950.7,950.6,950.7,950.9,55136.1106,0
"2019-03-25 01:00:00",950.4,950.5,950.6,950.6,950.7,950.8,55134.1836,950.6633
"2019-03-25 02:00:00",950.3,950.6,950.6,950.6,950.7,950.8,57037.4769,0
"2019-03-25 03:00:00",950.4,950.5,950.6,950.6,950.7,950.8,57035.4368,950.6816
"2019-03-25 04:00:00",949.8,950,950.1,950.2,950.4,950.6,57009.0378,950.0662
"2019-03-25 05:00:00",949.3,949.4,949.5,949.5,949.6,949.9,56972.9748,0
"2019-03-25 06:00:00",948.9,949.1,949.3,949.2,949.4,949.6,56954.9658,949.1102
"2019-03-25 07:00:00",948.6,949,949,949,949.1,949.4,56941.5585,0
"2019-03-25 08:00:00",949,949.2,949.3,949.3,949.4,949.5,56008.2144,0
"2019-03-25 09:00:00",949.2,949.4,949.5,949.5,949.6,949.8,56971.6885,0
"2019-03-25 10:00:00",949.5,949.9,950.1,950.1,950.3,950.5,57005.587,0
"2019-03-25 11:00:00",950.4,950.5,950.5,950.5,950.6,950.8,57031.8653,0
"2019-03-25 12:00:00",950.4,950.5,950.5,950.5,950.6,950.6,57031.5281,950.4874
"2019-03-25 13:00:00",950.1,950.4,950.5,950.5,950.6,950.6,56076.5647,950.535
"2019-03-25 14:00:00",949.1,949.8,949.9,949.9,950.1,950.2,56993.0231,949.8135
"2019-03-25 15:00:00",948.5,948.9,949.2,949.1,949.4,949.6,56948.9942,0
"2019-03-25 16:00:00",947.8,948.1,948.4,948.3,948.5,948.9,56898.6903,0
"2019-03-25 17:00:00",947,947.4,947.5,947.5,947.7,947.9,56850.9466,0
"2019-03-25 18:00:00",946.9,947.2,947.2,947.2,947.3,947.4,56834.1108,947.2383
"2019-03-25 19:00:00",946.9,947,947.1,947.1,947.2,947.3,56825.213,0
"2019-03-25 20:00:00",946.9,947.1,947.2,947.2,947.2,947.4,55883.8319,0
"2019-03-25 21:00:00",947.2,947.3,947.5,947.5,947.6,947.8,55901.2393,947.5863
"2019-03-25 22:00:00",947.7,947.8,948,948,948.2,948.4,56882.442,948.2018
"2019-03-25 23:00:00",948.2,948.5,948.8,948.8,949,949.3,56926.6349,0
"2019-03-26 00:00:00",949.3,949.4,949.5,949.5,949.6,949.6,56969.0991,0
"2019-03-26 01:00:00",949.4,949.5,949.5,949.5,949.6,949.7,56971.736,949.535
"2019-03-26 02:00:00",949.2,949.4,949.5,949.5,949.5,949.7,56967.8581,0
"2019-03-26 03:00:00",949.2,949.5,949.5,949.5,949.6,949.7,56971.5679,949.5167
"2019-03-26 04:00:00",949.2,949.3,949.3,949.3,949.4,949.5,56010.848,949.3446
"2019-03-26 05:00:00",948.8,949.1,949.1,949.1,949.2,949.4,56947.2221,0
"2019-03-26 06:00:00",948.8,949.2,949.4,949.3,949.4,949.5,56958.4668,0
"2019-03-26 07:00:00",949.3,949.4,949.5,949.5,949.6,949.8,56969.4146,949.4618
"2019-03-26 08:00:00",949.5,949.7,949.8,949.8,949.9,950.2,56989.2723,0
"2019-03-26 09:00:00",949.9,950.2,950.3,950.3,950.5,950.9,57020.001,950.3556
"2019-03-26 10:00:00",950.7,950.9,951.1,951.1,951.2,951.3,57064.1999,950.8062
"2019-03-26 11:00:00",951.2,951.4,951.6,951.5,951.6,951.9,57091.5373,951.5571
"2019-03-26 12:00:00",951.3,951.7,951.8,951.7,951.8,952,57104.6771,0
"2019-03-26 13:00:00",951.2,951.4,951.6,951.5,951.6,951.7,57090.995,951.6047
"2019-03-26 14:00:00",950.5,950.9,951.1,951.1,951.2,951.4,57063.5293,0
"2019-03-26 15:00:00",949.5,950.1,950.2,950.2,950.5,950.7,56064.6418,0
"2019-03-26 16:00:00",949.2,949.4,949.6,949.6,949.8,950,56974.8619,0
"2019-03-26 17:00:00",948.2,948.5,948.8,948.7,948.9,949.2,56923.9249,0
"2019-03-26 18:00:00",948.1,948.4,948.4,948.4,948.4,948.5,55954.6238,0
"2019-03-26 19:00:00",948.2,948.4,948.5,948.5,948.7,949,56912.6205,948.3995
"2019-03-26 20:00:00",948.6,948.8,948.9,948.9,949,949.3,55984.7565,948.8464
"2019-03-26 21:00:00",949.2,949.4,949.5,949.6,950,950.3,56978.1694,949.4508
"2019-03-26 22:00:00",950.2,950.5,950.7,950.7,950.8,951.1,57040.7526,0
"2019-03-26 23:00:00",950.9,951.1,951.5,951.4,951.6,951.8,57084.5189,951.5461
"2019-03-27 00:00:00",951.6,951.9,952,951.9,952,952.2,57116.3132,951.8647
"2019-03-27 01:00:00",951.8,952.1,952.1,952.1,952.2,952.4,57128.2557,952.1285
"2019-03-27 02:00:00",952.2,952.4,952.6,952.5,952.6,952.8,57152.411,952.6119
"2019-03-27 03:00:00",952.3,952.5,952.6,952.6,952.7,952.8,57155.3851,0
"2019-03-27 04:00:00",951.8,952.2,952.3,952.3,952.4,952.5,57137.2184,0
"2019-03-27 05:00:00",951.8,952,952.1,952.1,952.2,952.3,57124.2287,952.0442
"2019-03-27 06:00:00",951.9,952,952,952,952.1,952.2,57122.1889,952.0113
"2019-03-27 07:00:00",951.9,952.2,952.2,952.2,952.3,952.4,57133.4642,0
"2019-03-27 08:00:00",952.3,952.4,952.5,952.5,952.5,952.7,57148.5063,0
"2019-03-27 09:00:00",952.5,952.6,952.7,952.8,952.9,953.2,57167.9749,0
"2019-03-27 10:00:00",953.1,953.4,953.6,953.6,953.8,954.1,57213.0978,953.4069
"2019-03-27 11:00:00",953.9,954.1,954.2,954.2,954.3,954.4,57252.9625,0
"2019-03-27 12:00:00",954,954.2,954.2,954.2,954.2,954.4,56297.468,0
"2019-03-27 13:00:00",953.9,954.2,954.2,954.2,954.2,954.4,57251.89,0
"2019-03-27 14:00:00",953.2,953.6,953.8,953.8,954,954.2,57226.7421,954.1578
"2019-03-27 15:00:00",952.5,952.7,952.9,952.9,953.1,953.3,57174.5878,0
"2019-03-27 16:00:00",951.9,952.1,952.3,952.2,952.4,952.6,57134.9945,0
"2019-03-27 17:00:00",951.4,951.6,951.7,951.7,951.9,952,57104.3649,0
"2019-03-27 18:00:00",951.2,951.5,951.6,951.6,951.6,951.7,57093.4674,0
"2019-03-27 19:00:00",951.2,951.4,951.6,951.6,951.7,951.9,57093.475,0
"2019-03-27 20:00:00",951.6,952.1,952.2,952.1,952.2,952.4,56176.244,0
"2019-03-27 21:00:00",952.3,952.6,952.7,952.8,953.2,953.5,57169.064,0
"2019-03-27 22:00:00",953.4,953.6,953.7,953.7,953.8,954.1,57221.438,0
"2019-03-27 23:00:00",954.1,954.3,954.5,954.5,954.6,954.8,56313.7636,0
"2019-03-28 00:00:00",954.5,954.8,954.8,954.8,954.8,954.9,57286.7574,954.8098
"2019-03-28 01:00:00",954.5,954.8,954.8,954.8,954.9,955.1,57290.2038,0
"2019-03-28 02:00:00",954.6,954.8,954.8,954.8,954.8,955,57287.5709,0
"2019-03-28 03:00:00",953.8,954.1,954.3,954.3,954.5,954.7,57258.7016,954.319
"2019-03-28 04:00:00",953.6,953.8,953.9,953.9,954,954.1,57233.8989,0
"2019-03-28 05:00:00",953.5,953.7,953.7,953.7,953.8,953.9,57223.5808,953.6963
"2019-03-28 06:00:00",953.2,953.5,953.6,953.6,953.7,953.8,57214.745,0
"2019-03-28 07:00:00",953.1,953.4,953.4,953.4,953.5,953.8,57206.6167,0
"2019-03-28 08:00:00",953.6,953.7,953.9,953.9,954.1,954.4,55327.6461,0
"2019-03-28 09:00:00",954.2,954.4,954.6,954.6,954.7,954.9,57273.5375,0
"2019-03-28 10:00:00",954.7,955.1,955.3,955.3,955.5,955.8,57315.9357,954.8281
"2019-03-28 11:00:00",955.7,955.9,955.9,955.9,956,956.1,57355.9388,956.0332
"2019-03-28 12:00:00",955.7,955.9,956,956,956,956.2,57358.6242,0
"2019-03-28 13:00:00",955.4,955.9,955.9,955.9,956,956.2,56398.5614,0
"2019-03-28 14:00:00",955.3,955.4,955.5,955.6,955.8,955.9,57335.0046,0
"2019-03-28 15:00:00",954.5,954.8,954.9,954.9,955.1,955.4,57295.6617,954.8281
"2019-03-28 16:00:00",953.9,954.2,954.4,954.4,954.6,954.8,57262.654,954.667
"2019-03-28 17:00:00",953.7,953.8,953.9,953.9,954,954.1,55327.4515,954.0515
"2019-03-28 18:00:00",953.4,953.7,953.7,953.7,953.7,953.9,57221.9187,953.7183
"2019-03-28 19:00:00",953.6,953.9,954,954.1,954.3,954.4,57243.0901,0
"2019-03-28 20:00:00",954.2,954.5,954.6,954.6,954.8,954.9,56322.0496,954.5388
"2019-03-28 21:00:00",954.8,955.1,955.3,955.3,955.5,955.8,57317.5255,954.8098
"2019-03-28 22:00:00",955.6,955.7,955.8,955.8,955.9,956.1,57349.3628,955.7182
"2019-03-28 23:00:00",955.9,956.3,956.4,956.4,956.5,956.7,56427.5869,956.6156
"2019-03-29 00:00:00",956.6,956.8,956.9,956.9,957,957.1,57413.9429,956.9819
"2019-03-29 01:00:00",956.5,956.8,956.8,956.8,956.9,957.1,57408.929,956.8501
"2019-03-29 02:00:00",956.1,956.3,956.4,956.4,956.5,956.6,57384.5551,956.3483
"2019-03-29 03:00:00",955.5,955.8,956,956,956.3,956.4,55449.3266,0
"2019-03-29 04:00:00",954.9,955.2,955.4,955.3,955.4,955.7,57319.7054,955.4105
"2019-03-29 05:00:00",954.6,954.9,954.9,954.9,955,955,57295.6712,0
"2019-03-29 06:00:00",954.6,954.7,954.8,954.8,954.8,954.9,57287.3547,0
"2019-03-29 07:00:00",954.5,954.8,954.8,954.8,954.9,955,57288.9841,0
"2019-03-29 08:00:00",954.9,955.1,955.4,955.3,955.5,955.7,57317.9754,0
"2019-03-29 09:00:00",955.6,955.9,956,956,956.1,956.3,56402.3919,956.0259
"2019-03-29 10:00:00",956.1,956.4,956.5,956.5,956.6,957,57391.1663,0
"2019-03-29 11:00:00",956.9,957,957.1,957.1,957.2,957.4,57428.1264,0
"2019-03-29 12:00:00",956.9,957.2,957.3,957.3,957.3,957.5,57436.6832,957.2823
"2019-03-29 13:00:00",956.4,956.7,956.9,956.9,957,957.2,56454.6461,956.8647
"2019-03-29 14:00:00",955.4,955.8,956,956,956.1,956.5,57358.8545,956.0442
"2019-03-29 15:00:00",954.3,954.6,954.9,954.9,955.3,955.5,56338.5441,0
"2019-03-29 16:00:00",953.5,953.7,953.9,953.9,954.1,954.4,57234.7129,0
"2019-03-29 17:00:00",952.9,953.2,953.3,953.3,953.4,953.6,56243.6055,953.3593
"2019-03-29 18:00:00",952.5,952.6,952.7,952.8,952.8,953.1,56212.29,952.6743
"2019-03-29 19:00:00",952.4,952.7,952.8,952.8,953,953.3,57170.8068,0
"2019-03-29 20:00:00",953,953.2,953.3,953.4,953.5,953.7,55295.5613,953.2714
"2019-03-29 21:00:00",953.6,953.8,953.9,954,954.1,954.4,57237.5625,953.8757
"2019-03-29 22:00:00",954,954.3,954.5,954.5,954.7,954.9,57272.3395,0
"2019-03-29 23:00:00",954.9,955,955.2,955.1,955.3,955.4,57308.8305,955.1652
"2019-03-30 00:00:00",955.1,955.4,955.4,955.4,955.5,955.5,56368.9678,955.3922
"2019-03-30 01:00:00",955,955.2,955.3,955.3,955.4,955.5,57317.7242,955.2823
"2019-03-30 02:00:00",954.7,954.8,954.9,954.9,955,955.3,57295.5404,954.9563
"2019-03-30 03:00:00",954.5,954.6,954.7,954.7,954.8,954.9,55373.5118,0
"2019-03-30 04:00:00",954,954.2,954.2,954.3,954.3,954.6,57255.1521,954.1835
"2019-03-30 05:00:00",953.6,953.8,953.9,953.9,954,954.1,55327.3962,954.0002
"2019-03-30 06:00:00",953.4,953.7,953.7,953.7,953.8,954.1,113493.3299,0
"2019-03-30 08:00:00",954,954.2,954.3,954.2,954.3,954.5,57254.2914,0
"2019-03-30 09:00:00",954.2,954.6,954.8,954.8,955,955.3,57288.0678,954.7036
